:040000000EEF08F007
:041000000EEF08F0F7
:0410080081EF95F0EF
:08101800EBEFD6F044EFD0F03D
:10FB0C0000809A45418E418F804545454949498E33
:10FB1C008F9092924F994F555559999A9B9C9D9EB7
:10FB2C009F41494F55A5A5A6A7A8A9AAABACADAEB8
:10FB3C00AFB0B1B2B3B4B5B6B7B8B9BABBBCBDBE51
:10FB4C00BFC0C1C2C3C4C5C6C7C8C9CACBCCCDCE41
:10FB5C00CFD0D1D2D3D4D5D6D7D8D9DADBDCDDDE31
:10FB6C00DFE0E1E2E3E4E5E6E7E8E9EAEBECEDEE21
:10FB7C00EFF0F1F2F3F4F5F6F7F8F9FAFBFCFDFE11
:10FB8C00FF66A6019AAF01F4AB015C900128A701B6
:10FB9C0098A5016EAF01CEA901A0AA01DA920100CD
:10FBAC00A601729C01627C01B2B201D69E01409EFC
:10FBBC000101030507090E10121416181C1E610012
:10FBCC001A03E0001703F8000703FF000100780197
:10FBDC000001300132010601390110014A012E01E8
:10FBEC007901060180014D004302810182018201ED
:10FBFC008401840186018701870189018A018B01B7
:10FC0C008B018D018E018F01900191019101930166
:10FC1C009401F60196019701980198013D029B0110
:10FC2C009C019D0120029F01A001A001A201A20143
:10FC3C00A401A401A601A701A701A901AA01AB0176
:10FC4C00AC01AC01AE01AF01AF01B101B201B30126
:10FC5C00B301B501B501B701B801B801BA01BB01D7
:10FC6C00BC01BC01BE01F701C001C101C201C3014D
:10FC7C00C401C501C401C701C801C701CA01CB0138
:10FC8C00CA01CD011001DD0101008E01DE0112015E
:10FC9C00F3010300F101F401F401F801280122023F
:10FCAC0012013A020900652C3B023B023D02662C14
:10FCBC003F0240024102410246020A015302400047
:10FCCC0081018601550289018A0158028F015A026D
:10FCDC0090015C025D025E025F02930161026202AE
:10FCEC0094016402650266026702970196016A023A
:10FCFC00622C6C026D026E029C01700271029D01FD
:10FD0C00730274029F0176027702780279027A02FA
:10FD1C007B027C02642C7E027F02A601810282029D
:10FD2C00A9018402850286028702AE014402B10158
:10FD3C00B20145028D028E028F0290029102B70130
:10FD4C007B030300FD03FE03FF03AC0304008603E7
:10FD5C00880389038A03B1031103C2030200A303BE
:10FD6C00A303C4030803CC0303008C038E038F038B
:10FD7C00D8031801F2030A00F903F303F403F503A3
:10FD8C00F603F703F703F903FA03FA03300420032D
:10FD9C0050041007600422018A043601C1040E01CC
:10FDAC00CF040100C004D004440161052604000006
:10FDBC00C700FC00E900E200E400E000E500E70019
:10FDCC00EA00EB00E800EF00EE00EC00C400C50018
:10FDDC00C900E600C600F400F600F200FB00F900D2
:10FDEC00FF00D600DC00A200A300A500A720920112
:10FDFC00E100ED00F300FA00F100D100AA00BA0016
:10FE0C00BF001023AC00BD00BC00A100AB00BB00C8
:10FE1C0091259225932502252425612562255625B9
:10FE2C0055256325512557255D255C255B2510251A
:10FE3C00142534252C251C2500253C255E255F2505
:10FE4C005A25542569256625602550256C2567257E
:10FE5C0068256425652559255825522553256B257C
:10FE6C006A2518250C25882584258C259025802528
:10FE7C00B103DF009303C003A303C303B500C403A2
:10FE8C00A6039803A903B4031E22C603B5032922B3
:10FE9C006122B1006522642220232123F70048222D
:10FEAC00B0001922B7001A227F20B200A025A000B2
:10FEBC007D1D0100632C001E9601A01E5A01001F1F
:10FECC000806101F0606201F0806301F0806401FD4
:10FEDC000606511F0700591F521F5B1F541F5D1F41
:10FEEC00561F5F1F601F0806701F0E00BA1FBB1F36
:10FEFC00C81FC91FCA1FCB1FDA1FDB1FF81FF91F32
:10FF0C00EA1FEB1FFA1FFB1F801F0806901F080635
:10FF1C00A01F0806B01F0400B81FB91FB21FBC1FDA
:10FF2C00CC1F0100C31FD01F0206E01F0206E51FF5
:10FF3C000100EC1FF31F0100FC1F4E2101003221B8
:10FF4C0070211002842101008321D0241A05302C49
:10FF5C002F04602C0201672C0601752C0201802CE9
:10FF6C006401002D260841FF1A03000043617264EE
:10FF7C0020696E697469616C697A656421004361FA
:10FF8C00726420696E6974206661696C65642E0008
:10FF9C004361726420696E736572746564210044F8
:10FFAC007269766573206D6F756E7465640043615C
:10FFBC0072642072656D6F76656421004641542031
:10FFCC006D6F756E746564006574727368617264CC
:10FFDC00004641543332202020002A3A3C3E7C22F9
:10FFEC003F7F002F68617264342D002B2C3B3D5BEE
:03FFFC005D0000A5
:020000040001F9
:10000000A2C507F5A3C508F5DF0E096E050E0A6E39
:1000100031ECCAF00501DA6FDA51D8A408D020EE2D
:100020000FF0A251D926A351DA22DF50DA6FDA514C
:10003000D8B402D0DA51120020EE22F0A251D92613
:10004000A351DA22DE50DE10D8B407D2A42906E18B
:10005000A52904E1A62902E1A729D8A415D120EEFB
:1000600022F0A251D926A351DA22DEC4D8F5DDC48C
:10007000D9F5D8C5D9F4D9C5DAF4DEC4C4F5DEC4DF
:10008000C5F5DEC4C6F5DEC4C7F5040ED827000EDC
:10009000D923020ECC6F000ECD6F000ECE6F000E76
:1000A000CF6F20EE06F0A251D926A351DA22DEC48A
:1000B000E1F5DEC4E2F5DEC4E3F5DEC4E4F5E151CA
:1000C000E211E311E411D8B4B3D0E1C5BCF5E2C547
:1000D000BDF5E3C5BEF5E4C5BFF5000EC06F000E6B
:1000E000C16F000EC26F000EC36F020ECC27000E50
:1000F000CD23CE23CF23E1C5B8F5E2C5B9F5E3C5DD
:10010000BAF5E4C5BBF5010EC027000EC123C2231A
:10011000C323A2C564F5A3C565F5E1C566F5E2C5CF
:1001200067F5E3C568F5E4C569F53EECA7F064C57D
:10013000E1F565C5E2F566C5E3F567C5E4F50501DA
:10014000E451E311E2110EE1020EE15DD8B00AD0F4
:1001500020EE0FF0A251D926A351DA22020EDF6E53
:10016000020E1200E12911E1E2290FE1E3290DE17C
:10017000E429D8A40AD020EE0FF0A251D926A35129
:10018000DA22010EDF6E010E1200010EB825A86FF3
:10019000000EB921A96F000EBA21AA6F000EBB2173
:1001A000AB6FE151A8190AE1E251A91907E1E35146
:1001B000AA1904E1E451AB19D8B49DD7CC51C45D60
:1001C000CD51C559CE51C659CF51C759D8A020D00D
:1001D000D8C5D9F4D9C5DAF4C0C5DEF4C1C5DEF49A
:1001E000C2C5DEF4C3C5DEF4040ED827000ED92341
:1001F000D8C5D9F4D9C5DAF4BCC5DEF4BDC5DEF482
:10020000BEC5DEF4BFC5DEF4040ED827000ED92328
:1002100020EE16F0DF51D926E051DA22DE50E15D02
:10022000DE50E259DE50E359DE50E459D8A04DD7F4
:1002300020EE22F0A251D926A351DA22DEC4A8F57D
:10024000DDC4A9F5A8C5D9F4A9C5DAF4CCC5DEF496
:10025000CDC5DEF4CEC5DEF4CFC5DEF4CC51C45D31
:10026000CD51C559CE51C659CF51C759D8A009D083
:10027000D8C5D9F4D9C5DAF4DE6ADE6ADE6ADD6A89
:10028000D9D6110EDA6FD6D620EE0AF0A251D926B1
:10029000A351DA22A451DE5CA551DE58A651DE58E6
:1002A000A751DE58D8B00ED020EE0AF0A251D926C0
:1002B000A351DA22DEC4A4F5DEC4A5F5DEC4A6F59A
:1002C000DEC4A7F520EE10F0A251D926A351DA2200
:1002D000A4C5DEF4A5C5DEF4A6C5DEF4A7C5DEF42C
:1002E000A451A511A611A711D8B4A4D6A2C513F57F
:1002F000A3C514F5FF0EA425156EFF0EA521166EDD
:10030000FF0EA621176EFF0EA721186E6FECC1F02D
:10031000050120EE14F0A251D926A351DA2213C50B
:10032000DEF414C5DEF415C5DEF416C5DEF4DFC553
:1003300012F5E0C513F520EE14F0A251D926A35111
:10034000DA22DEC414F5DEC415F5DEC416F5DEC40B
:1003500017F5D1ECC9F012C5D0F513C5D1F514C508
:10036000D2F515C5D3F50501D051D111D211D31154
:10037000D8B4EED620EE0AF0DF51D926E051DA22C9
:10038000DEC4A8F5DDC4A9F5FF0EA825AA6FFF0EEF
:10039000A921AB6FFF0EA425AC6FFF0EA521AD6F99
:1003A000FF0EA621AE6FFF0EA721AF6F0A0E05D07C
:1003B000D890AF33AE33AD33AC33E82EF9D7AA5172
:1003C000AC15B06FAB51AD15B16F000EAE15B26F7D
:1003D000000EAF15B36FB051D027B151D123B25138
:1003E000D223B351D32320EE10F0A251D926A3512A
:1003F000DA22FF0EDE14A86F010EDE14A96F000EC4
:10040000DE14AA6F000EDE14AB6FA851A911AA1159
:10041000AB11D8B40FD620EE18F0A251D926A351B3
:10042000DA22D051DE180AE1D151DE1807E1D251AB
:10043000DE1804E1D351DE18D8B4FCD520EE18F054
:10044000A251D926A351DA22D0C5DEF4D1C5DEF4FB
:10045000D2C5DEF4D3C5DEF4EDD520EE0AF0A2510C
:10046000D926A351DA22A451DE5CA551DE58A6514B
:10047000DE58A751DE58D8B016D020EE0EF0A251AB
:10048000D926A351DA22DFB20ED020EE0AF0A25113
:10049000D926A351DA22DEC4A4F5DEC4A5F5DEC454
:1004A000A6F5DEC4A7F520EE10F0A251D926A3517F
:1004B000DA22DEC4C8F5DEC4C9F5DEC4CAF5DEC47E
:1004C000CBF5000ED46F000ED56F000ED66F000E68
:1004D000D76F20EE10F0A251D926A351DA22D4C54D
:1004E000DEF4D5C5DEF4D6C5DEF4D7C5DEF4A451FE
:1004F000A511A611A711D8B404D220EE0AF0DF513D
:10050000D926E051DA22DEC4A8F5DDC4A9F5A85148
:10051000AA6FA951AB6FAC6BAD6B090ED890AA371F
:10052000AB37AC37AD37E82EF9D7AAC5DBF5ABC58D
:10053000DCF5ACC5DDF5ADC5DEF5C851C911CA1194
:10054000CB11D8B497D0FF0EA425066EFF0EA521BF
:10055000076EFF0EA621086EFF0EA721096EDBC5F0
:100560000AF5DCC50BF5DDC50CF5DEC50DF586EC31
:10057000D0F006C5A8F507C5A9F508C5AAF509C5AF
:10058000ABF5FF0E0501C825066EFF0EC921076EEB
:10059000FF0ECA21086EFF0ECB21096EDBC50AF5DE
:1005A000DCC50BF5DDC50CF5DEC50DF586ECD0F030
:1005B00006500501A85D0750A9590850AA590950CD
:1005C000AB59D8A057D0FF0EDB25A86FFF0EDC215A
:1005D000A96FFF0EDD21AA6FFF0EDE21AB6FA81DF4
:1005E000AC6FA91DAD6FAA1DAE6FAB1DAF6FFF0E37
:1005F000C825B06FFF0EC921B16FFF0ECA21B26FBF
:10060000FF0ECB21B36FAC51B015B46FAD51B11526
:10061000B56FAE51B215B66FAF51B315B76F20EECF
:1006200010F0A251D926A351DA22B4C5DEF4B5C523
:10063000DEF4B6C5DEF4B7C5DEF420EE10F0A2514C
:10064000D926A351DA22DE50A45FDE50A55BDE502E
:10065000A65BDD50A75B20EE14F0A251D926A35172
:10066000DA22DEC4E5F5DEC4E6F5DEC4E7F5DEC475
:10067000E8F556D020EE06F0A251D926A351DA2291
:10068000DEC4E5F5DEC4E6F5DEC4E7F5DEC4E8F574
:10069000E551E611E711E811D8A434D0A2C585F5DB
:1006A000A3C586F5000E876F000E886F000E896F58
:1006B000000E8A6FD4EC9CF085C5E5F586C5E6F59D
:1006C00087C5E7F588C5E8F50501E505E611E711F9
:1006D000E811D8B43DD5E52907E1E62905E1E72988
:1006E00003E1E829D8B447D520EE06F0A251D92677
:1006F000A351DA22E5C5DEF4E6C5DEF4E7C5DEF493
:10070000E8C5DEF420EE14F0A251D926A351DA2276
:10071000E5C5DEF4E6C5DEF4E7C5DEF4E8C5DEF4E3
:10072000E551E611E711E811D8A48BD0EAD0DB51EE
:10073000A45FDC51A55BDD51A65BDE51A75B20EE1B
:1007400010F0A251D926A351DA22DB51DE26DC516A
:10075000DE22DD51DE22DE51DE2220EE0EF0A2513D
:10076000D926A351DA22DFA226D0A2C585F5A3C5DA
:1007700086F5E5C587F5E6C588F5E7C589F5E8C5D9
:100780008AF5D4EC9CF085C5E5F586C5E6F587C508
:10079000E7F588C5E8F50501E551E611E711E8112F
:1007A000D8A41FD0000EA46F000EA56F000EA66F78
:1007B000000EA76F50D0A2C564F5A3C565F5E5C5C9
:1007C00066F5E6C567F5E7C568F5E8C569F53EEC89
:1007D000A7F064C5E5F565C5E6F566C5E7F567C547
:1007E000E8F50501E52907E1E62905E1E72903E147
:1007F000E829D8B4C0D4E851E711E61104E1020EAB
:10080000E55DD8A0A5D420EE16F0DF51D926E05141
:10081000DA22DE50E55DDE50E659DE50E759DE5063
:10082000E859D8B095D420EE14F0A251D926A3519E
:10083000DA22E5C5DEF4E6C5DEF4E7C5DEF4E8C598
:10084000DEF4A451DB5DA551DC59A651DD59A75159
:10085000DE59D8A06CD720EE10F0A251D926A351B2
:10086000DA22A451DE26A551DE22A651DE22A751AE
:10087000DE22FF0EA415A86F010EA515A96F000EAC
:10088000A615AA6F000EA715AB6FA851A911AA1142
:10089000AB11D8B436D0DFC512F5E0C513F5E5C508
:1008A00014F5E6C515F5E7C516F5E8C517F5D1EC5D
:1008B000C9F012C5D4F513C5D5F514C5D6F515C5BF
:1008C000D7F50501D451D511D611D711D8B440D4DC
:1008D000A4C5A8F5A5C5A9F5A6C5AAF5A7C5ABF5F4
:1008E0000A0E05D0D890AB33AA33A933A833E82E2B
:1008F000F9D7A851D427A951D523AA51D623AB5152
:10090000D72320EE10F0A251D926A351DA2210EEFF
:100910000AF0A251E126A351E222DE50E65CDE504D
:10092000E658DE50E658DE50E658D8B01CD020EE2F
:1009300010F0A251D926A351DA2210EE0AF0A251EA
:10094000E126A351E222DEC4E6F4DEC4E6F4DEC40E
:10095000E6F4DEC4E6F420EE0EF0A251D926A3514F
:10096000DA22000EDB8C20EE10F0A251D926A35122
:10097000DA22FF0EDE14A86F010EDE14A96F000E3E
:10098000DE14AA6F000EDE14AB6FA851A911AA11D4
:10099000AB11D8B41AEF80F020EE18F0A251D9268E
:1009A000A351DA22D451DE180BE1D551DE1808E14B
:1009B000D651DE1805E1D751DE18D8B41AEF80F011
:1009C00020EE18F0A251D926A351DA22D4C5DEF4C4
:1009D000D5C5DEF4D6C5DEF4D7C5DEF41AEF80F057
:1009E00092C5D9F493C5DAF4DE6ADD6A90C506F5DE
:1009F00091C507F5D1ECC0F006C5A1F507C5A2F574
:100A00000501A2AF02D00B0E1200D890A135D96E0D
:100A1000A235DA6E120ED926060EDA22DEC4BCF535
:100A2000DDC4BDF5BC51BD11D8A402D00C0E12001E
:100A300092C5D9F493C5DAF4BCC5DEF4BDC5DDF4C6
:100A40009491BCC5D9F4BDC5DAF4DF50D8B415D043
:100A500020EE01F0BC51D926BD51DA22DF506BECFB
:100A6000D9F00501B16FB1B108D09451D8A4B1A5A6
:100A700002D00A0E1200000E1200BCC5D9F4BDC58A
:100A8000DAF4DF6A20EE01F0BC51D926BD51DA223A
:100A9000DF501BECB2F00501B16FB1A102D0030E23
:100AA00012009451D8B402D0B1B5E3D7BCC572F5E9
:100AB000BDC573F5000E756F000E746F0DECB9F0C7
:100AC00072C5BAF573C5BBF5040E0501BA19BB11A1
:100AD000D8A402D0010E1200BB5104E1020EBA5D8F
:100AE000D8A002D00D0E120020EE2EF0BC51D92657
:100AF000BD51DA22DEC4ADF5DEC4AEF5DEC4AFF51D
:100B0000DEC4B0F53D0EBC25066E000EBD21076E9D
:100B1000CFECD6F0020E07180610D8A4E3D7480E83
:100B20000501BC25066E000EBD21076ECFECD6F088
:100B300006C5B6F507C5B7F50501B86BB96BB65173
:100B4000B711B811B911D8A410D0560EBC25066E35
:100B5000000EBD21076E91ECCAF006C5B6F507C5BB
:100B6000B7F508C5B8F509C5B9F5050120EE1AF0C5
:100B7000BC51D926BD51DA22B6C5DEF4B7C5DEF4C4
:100B8000B8C5DEF4B9C5DEF420EE42F0BC51D9267A
:100B9000BD51DA2210EE03F0BC51E126BD51E22234
:100BA000DFC4E7F420EE03F0BC51D926BD51DA22B0
:100BB000DE04D8B40AD020EE03F0BC51D926BD51D2
:100BC000DA22020EDE18D8A48DD7B6C506F5B7C551
:100BD00007F5B8C508F5B9C509F520EE03F0BC5115
:100BE000D926BD51DA22DF50956F95510A6E0B6AF6
:100BF0000C6A0D6AF2ECD3F006C5B6F507C5B7F579
:100C000008C5B8F509C5B9F5050120EE3FF0BC519E
:100C1000D926BD51DA22DF50956F966B20EE0AF08F
:100C2000BC51D926BD51DA2295C5DEF496C5DDF456
:100C300020EE0AF0BC51D926BD51DA22DE50DE107A
:100C4000D8B450D720EE0AF0BC51D926BD51DA22D3
:100C5000DEC495F5DDC496F520EE0AF0BC51D92628
:100C6000BD51DA22DEC497F5DDC498F5FF0E972555
:100C7000996FFF0E98219A6F955199159B6F965118
:100C80009A159C6F9B519C11D8A42CD7430EBC2560
:100C9000066E000EBD21076ECFECD6F0050120EEEA
:100CA00008F0BC51D926BD51DA2206C5DEF407C5CD
:100CB000DDF420EE08F0BC51D926BD51DA22DEC4A5
:100CC00095F5DDC496F50F0E9517000E9617955104
:100CD0009611D8A407D7450EBC25066E000EBD217F
:100CE000076ECFECD6F006C5A9F507C5AAF5050134
:100CF000AB6BAC6BA951AA11AB11AC11D8A410D03D
:100D0000520EBC25066E000EBD21076E91ECCAF096
:100D100006C5A9F507C5AAF508C5ABF509C5ACF523
:100D2000400E0501BC25066E000EBD21076ECFECFE
:100D3000D6F006C5A7F507C5A8F50501A751A81166
:100D4000D8B4D0D620EE08F0BC51D926BD51DA2255
:100D5000DEC495F5DDC496F5040E976FD8909633F2
:100D60009533972FFBD7A7519525986FA8519621BA
:100D7000996F9A6BD8B09A2B9B6BB6519825A36F3D
:100D8000B7519921A46FB8519A21A56FB9519B21F0
:100D9000A66FA351A95DA451AA59A551AB59A6515B
:100DA000AC59D8A09FD6A351A95D066EA451AA59EB
:100DB000076EA551AB59086EA651AC59096E20EECD
:100DC0000AF0BC51D926BD51DA22DEC495F5DDC446
:100DD00096F595C50AF596C50BF50C6A0D6A86EC75
:100DE000D0F006C5B2F507C5B3F508C5B4F509C519
:100DF000B5F50501B251B311B411B511D8B472D61D
:100E0000000EBB6F000EBA6FF60EB25DFF0EB35947
:100E1000FF0EB4590F0EB559D8B004D0000EBB6FF9
:100E2000030EBA6FB551B4110AE1F60EB25DFF0EB2
:100E3000B359D8B004D0000EBB6F020EBA6FB551D3
:100E4000B4110AE1F60EB25D0F0EB359D8B004D05A
:100E5000000EBB6F010EBA6FBA51BB11D8B442D6A7
:100E6000020EB225956F000EB321966F000EB421CD
:100E7000976F000EB521986F20EE16F0BC51D92661
:100E8000BD51DA2295C5DEF496C5DEF497C5DEF4D1
:100E900098C5DEF420EE1EF0BC51D926BD51DA22F1
:100EA000ADC5DEF4AEC5DEF4AFC5DEF4B0C5DEF42C
:100EB000A751AD25956FA851AE21966F000EAF21B9
:100EC000976F000EB021986F20EE22F0BC51D9260A
:100ED000BD51DA2295C5DEF496C5DEF497C5DEF481
:100EE00098C5DEF4A351AD25956FA451AE21966F40
:100EF000A551AF21976FA651B021986F20EE2AF02F
:100F0000BC51D926BD51DA2295C5DEF496C5DEF472
:100F100097C5DEF498C5DEF4030EBA19BB11D8A448
:100F20004DD05C0EBC25066E000EBD21076ECFECC9
:100F3000D6F006500710D8A4D5D5050120EE08F04C
:100F4000BC51D926BD51DA22DE50DE10D8A4CAD554
:100F50005E0EBC25066E000EBD21076E91ECCAF038
:100F6000050120EE26F0BC51D926BD51DA2206C576
:100F7000DEF407C5DEF408C5DEF409C5DEF420EEB4
:100F800016F0BC51D926BD51DA22DEC495F5DEC477
:100F900096F5DEC497F5DEC498F5020ED890953725
:100FA000963797379837E82EF9D795C59DF596C5AA
:100FB0009EF597C59FF598C5A0F592D020EE08F054
:100FC000BC51D926BD51DA22DE50DE10D8B48AD504
:100FD00020EE22F0BC51D926BD51DA22DEC495F5AF
:100FE000DEC496F5DEC497F5DEC498F5B6519525B6
:100FF000996FB75196219A6FB85197219B6FB9514C
:1010000098219C6F20EE26F0BC51D926BD51DA22E2
:1010100099C5DEF49AC5DEF49BC5DEF49CC5DEF40A
:10102000020EBA19BB11D8B444D020EE16F0BC5150
:10103000D926BD51DA22DEC495F5DEC496F5DEC4AC
:1010400097F5DEC498F5010E9515996F000E96156B
:101050009A6F000E97159B6F000E98159C6F20EEEF
:1010600016F0BC51D926BD51DA22DEC406F5DEC425
:1010700007F5DEC408F5DEC409F5030E0A6E000E9E
:101080000B6E000E0C6E000E0D6EF2ECD3F0D890CD
:1010900009320832073206320501995106249D6F44
:1010A0009A5107209E6F9B5108209F6F9C510920E9
:1010B00016D020EE16F0BC51D926BD51DA22DEC47E
:1010C00095F5DEC496F5DEC497F5DEC498F5D890A4
:1010D00095359D6F96359E6F97359F6F9835A06FAC
:1010E000FF0E9D25956F010E9E21966F000E9F218C
:1010F000976F000EA021986F0A0E05D0D8909833F4
:10110000973396339533E82EF9D720EE1AF0BC5179
:10111000D926BD51DA229551DE5C9651DE589751A1
:10112000DE589851DE58D8A0DDD420EE12F0BC5124
:10113000D926BD51DA22FF0EDE6EFF0EDE6EFF0EE7
:10114000DE6EFF0EDD6EDD52DD5210EE0EF0BC5194
:10115000E126BD51E222DEC4E6F4DEC4E6F4DEC4DC
:10116000E6F4DEC4E6F420EE05F0BC51D926BD510C
:10117000DA22800EDF6E030EBA19BB11D8A496D006
:10118000620EBC25066E000EBD21076ECFECD6F0B8
:1011900006040710D8A48AD0BCC52EF5BDC52FF50E
:1011A000010E0501AD25306E000EAE21316E000E30
:1011B000AF21326E000EB021336EF7ECCCF0000997
:1011C000D8A474D0050120EE05F0BC51D926BD513C
:1011D000DA22DF6A320EBC25066E000EBD21076ED4
:1011E00091ECCAF0520E061861E1520E07185EE14A
:1011F000610E08185BE1410E0918D8A457D0160EED
:101200000501BC25066E020EBD21076E91ECCAF0E9
:10121000720E06184BE1720E071848E1410E0818CD
:1012200045E1610E0918D8A441D02E0E0501BC2558
:10123000066E020EBD21076E91ECCAF0550E08181D
:1012400035E1AA0E091806100710D8A42FD01A0EDF
:101250000501BC25066E020EBD21076E91ECCAF099
:10126000050120EE12F0BC51D926BD51DA2206C587
:10127000DEF407C5DEF408C5DEF409C5DEF41E0E93
:10128000BC25066E020EBD21076E91ECCAF0050169
:1012900020EE0EF0BC51D926BD51DA2206C5DEF48F
:1012A00007C5DEF408C5DEF409C5DEF4BCC5D9F413
:1012B000BDC5DAF4BAC5DFF40601104B112B0501E8
:1012C00020EE06F0BC51D926BD51DA2210C6DEF45C
:1012D00011C6DDF420EE0CF0BC51D926BD51DA2246
:1012E000800EDE6E090EDD6E3BEF85F0A4C5BBF50A
:1012F000A5C5BCF5A8C5D9F4A9C5DAF4DE6ADD6ACE
:10130000A2C507F5A3C508F5CB0E096E050E0A6E3A
:1013100031ECCAF00501BA6FBA51D8A40BD020EE57
:101320000FF0A251D926A351DA22DF50BA6FBA5179
:10133000D8B402D0BA51120020EE0EF0A251D92634
:10134000A351DA22DFB202D0070E120020EE10F015
:10135000A251D926A351DA2210EE10F0A251E126B3
:10136000A351E222E6C4AEF5E6C4AFF5E6C4B0F59B
:10137000E6C4B1F5A651AE25B26FA751AF21B36F48
:10138000000EB021B46F000EB121B56FDE50B25D1A
:10139000DE50B359DE50B459DE50B559D8B00ED036
:1013A00020EE10F0A251D926A351DA22DEC4AAF50C
:1013B000DDC4ABF5AA1DA66FAB1DA76FA651A71183
:1013C000D8B40ED320EE10F0A251D926A351DA22C0
:1013D000FF0EDE14AA6F010EDE14AB6F000EDE14DA
:1013E000AC6F000EDE14AD6FAA51AB11AC11AD1194
:1013F000D8A438D220EE10F0A251D926A351DA2277
:10140000DEC4AAF5DEC4ABF5DEC4ACF5DEC4ADF5D2
:101410000A0E05D0D890AD33AC33AB33AA33E82EE7
:10142000F9D720EE0AF0CB51D926CC51DA22DEC40E
:10143000AEF5DDC4AFF5FF0EAE25B06FFF0EAF21E8
:10144000B16FAA51B015BD6FAB51B115BE6FBD5193
:10145000BE11D8A4C4D020EE10F0A251D926A351B9
:10146000DA22DE50DE10DE10DE10D8A423D020EE0B
:1014700006F0A251D926A351DA22DEC4C7F5DEC494
:10148000C8F5DEC4C9F5DEC4CAF5C751C811C91113
:10149000CA11D8A452D0A2C585F5A3C586F5000E01
:1014A000876F000E886F000E896F000E8A6FD4EC74
:1014B0009CF03BD020EE22F0A251D926A351DA2293
:1014C000DE50DE10D8B41DD0A2C513F5A3C514F5A7
:1014D00020EE10F0A251D926A351DA22DEC415F570
:1014E000DEC416F5DEC417F5DEC418F56FECC1F0E6
:1014F00013C5C7F514C5C8F515C5C9F516C5CAF590
:101500001CD0A2C585F5A3C586F520EE14F0A25126
:10151000D926A351DA22DEC487F5DEC488F5DEC4FD
:1015200089F5DEC48AF5D4EC9CF085C5C7F586C57F
:10153000C8F587C5C9F588C5CAF50501C751C811E1
:10154000C911CA11D8B44CD2C705C811C911CA11E2
:10155000D8A40AD020EE0FF0A251D926A351DA2246
:10156000020EDF6E020E1200C72911E1C8290FE139
:10157000C9290DE1CA29D8A40AD020EE0FF0A25142
:10158000D926A351DA22010EDF6E010E120020EEE1
:1015900014F0A251D926A351DA22C7C5DEF4C8C57A
:1015A000DEF4C9C5DEF4CAC5DEF420EE06F0A251B1
:1015B000D926A351DA22DE50DE10DE10DE10D8A4C8
:1015C0000ED020EE06F0A251D926A351DA22C7C5CB
:1015D000DEF4C8C5DEF4C9C5DEF4CAC5DEF420EE0B
:1015E00018F0A251D926A351DA2210EE2EF0CB51D9
:1015F000E126CC51E222DE50E61813E1DE50E61877
:1016000010E1DE50E6180DE1DE50E618D8A409D04E
:10161000CBC51BF5CCC51CF579ECBDF00009D8A4F1
:101620005AD1CBC512F5CCC513F5050120EE14F047
:10163000A251D926A351DA22DEC414F5DEC415F571
:10164000DEC416F5DEC417F5D1ECC9F012C5C1F53C
:1016500013C5C2F514C5C3F515C5C4F50501C151BF
:10166000C211C311C411D8B475D7BD51C127BE5121
:10167000C223000EC323000EC423A6C5AAF5A7C526
:10168000ABF5090EAC6FD890AB33AA33AC2FFBD7B8
:10169000AAC5BFF5ABC5C0F5BF51C011D8B4A6D01F
:1016A000BF51BD25AA6FC051BE21AB6F20EE0AF01D
:1016B000CB51D926CC51DA22AA51DE5CAB51DE588F
:1016C000D8B010D020EE0AF0CB51D926CC51DA2276
:1016D000DEC4AAF5DDC4ABF5BD51AA5DBF6FBE5136
:1016E000AB59C06FBBC512F5BCC513F5C1C514F528
:1016F000C2C515F5C3C516F5C4C517F5BFC518F5A0
:10170000C0C519F520EE01F0CB51D926CC51DA2213
:10171000DF50EAECCDF00009D8A4DDD00501BF51BF
:10172000AA6FC051AB6FAC6BAD6B20EE2EF0CB51FE
:10173000D926CC51DA22DEC4AEF5DEC4AFF5DEC464
:10174000B0F5DEC4B1F5C151AE5DB26FC251AF5953
:10175000B36FC351B059B46FC451B159B56FAA51E9
:10176000B25DAB51B359AC51B459AD51B559D8B0C4
:101770002ED0320ECB25066E000ECC21076E20EE49
:101780002EF0CB51D926CC51DA22DEC4AAF5DDC425
:10179000ABF5C151AA5FC251AB5B090ED890AA3715
:1017A000AB37E82EFBD7AA51BB25086EAB51BC2145
:1017B000096E020E0B6E000E0A6E94ECD5F0050158
:1017C00020EE04F0CB51D926CC51DA22DF6ABFC516
:1017D000AAF5C0C5ABF5090ED890AA37AB37E82EED
:1017E000FBD7AAC5C5F5ABC5C6F5A7D020EE0AF054
:1017F000A251D926A351DA2210EE10F0A251E1260F
:10180000A351E222DE50E65CDE50E658DE50E65898
:10181000DE50E658D8A018D0CBC51BF5CCC51CF5BA
:1018200079ECBDF00009D8A456D0050120EE2EF0C9
:10183000CB51D926CC51DA22C1C5DEF4C2C5DEF4C3
:10184000C3C5DEF4C4C5DEF420EE18F0A251D926DB
:10185000A351DA22C1C5DEF4C2C5DEF4C3C5DEF48D
:10186000C4C5DEF420EE10F0A251D926A351DA222D
:10187000DEC4AAF5DDC4ABF5FF0EAA15AC6F010EF0
:10188000AB15AD6FAC510008C56FAD51D8A0E82ABB
:101890000208C66FC551A65DC651A759D8B004D07D
:1018A000A6C5C5F5A7C5C6F5CBC52EF5CCC52FF584
:1018B00020EE18F0A251D926A351DA22DEC430F569
:1018C000DEC431F5DEC432F5DEC433F5F7ECCCF01E
:1018D0000009D8B402D0050150D6050120EE10F061
:1018E000A251D926A351DA22DEC4AAF5DDC4ABF594
:1018F000FF0EAA15AC6F010EAB15AD6FAC51CB2529
:10190000AE6FAD51CC21AF6F320EAE25066E000E1C
:10191000AF21076EBBC508F5BCC509F5C5C50AF5FD
:10192000C6C50BF594ECD5F0050120EE04F0CB51C3
:10193000D926CC51DA22010EDF6EC551A65FC65101
:10194000A75BA8C5D9F4A9C5DAF4C551DE26C651EE
:10195000DD22C551BB27C651BC2320EE10F0A25199
:10196000D926A351DA22C551DE26C651DE22000E49
:10197000DE22DE2220EE10F0A251D926A351DA2277
:1019800010EE0AF0A251E126A351E222DE50E65CFD
:10199000DE50E658DE50E658DE50E658D8A003D0B8
:1019A00020EE0AF002D020EE10F0A251D926A35169
:1019B000DA22DEC4B6F5DEC4B7F5DEC4B8F5DEC49F
:1019C000B9F520EE0AF0A251D926A351DA22B6C504
:1019D000DEF4B7C5DEF4B8C5DEF4B9C5DEF4EED486
:1019E00020EE0EF0A251D926A351DA22000EDB8C94
:1019F000000E12000501EB51EC11D8A402D0090E23
:101A000012003F0EEF17ED0E906F050E916F9F0EB7
:101A1000926F060E936FEFC594F5F0EC84F006011B
:101A2000A16FA151D8A4F1D29FC6A2F6A0C6A3F679
:101A3000A20E0501C96F060ECA6FEDC5CBF5EEC546
:101A4000CCF56AECB7F00601A16FA151D8B4C9AFCB
:101A500002D0060EA16FEFC5F0F51C0E0501F017C0
:101A6000D8B4FFD00601A151D8B410D0040EA119EA
:101A7000D8A409D0A20E0501C96F060ECA6F81EC69
:101A8000A5F00601A16F0501EF870ED0A6C6F0F5FF
:101A9000110E0501F017D8B402D0070E03D0EFA540
:101AA00003D0080E0601A16F0601A151D8A4E9D008
:101AB0000501EFA7E6D052ECC4F006C58BF607C5CA
:101AC0008CF608C58DF609C58EF60E0E0601BC25EE
:101AD000066E000EBD21076E8BC608F58CC609F593
:101AE0008DC60AF58EC60BF561ECD2F0160E060116
:101AF000BC25066E000EBD21076E8BC608F58CC690
:101B000009F58DC60AF58EC60BF561ECD2F09FC6BD
:101B10000DF5A0C60EF5BCC60FF5BDC610F580ECE0
:101B2000D1F00DC58FF60EC590F60FC591F610C514
:101B300092F6060120EE0BF0BC51D926BD51DA22F7
:101B4000200EDF6E9FC60AF5A0C60BF5BCC60CF5CD
:101B5000BDC60DF5000E0E6E000E0F6E000E106E5F
:101B6000000E116E1BECD6F01C0E0601BC25066E95
:101B7000000EBD21076E000E086E000E096E000EED
:101B80000A6E000E0B6E61ECD2F0060120EE04F03E
:101B90009F51D926A051DA22010EDF6E8F5190118C
:101BA00091119211D8B46DD020EE2EF09F51D9260C
:101BB000A051DA22DEC493F6DEC494F6DEC495F6B4
:101BC000DEC496F6A20E0501856F060E866F8FC6DF
:101BD00087F590C688F591C689F592C68AF5000EFC
:101BE0008B6F000E8C6F000E8D6F000E8E6FB4EC3D
:101BF000B5F00601A16FA151D8A443D09FC62EF520
:101C0000A0C62FF593C630F594C631F595C632F5CA
:101C100096C633F5F7ECCCF00601A16FFF0E8F25C9
:101C20000501F06FFF0E060190210501F16FFF0E17
:101C3000060191210501F26FFF0E060192210501B7
:101C4000F36F060120EE0EF09F51D926A051DA2243
:101C5000F0C5DEF4F1C5DEF4F2C5DEF4F3C5DEF462
:101C600010D00601A151D8A40CD0A6A902D0040E10
:101C700007D00501EFA305D00601A6A102D0070EEB
:101C8000A16F0601A151D8A423D00501EFB7EF8DB4
:101C9000060120EE2EF09F51D926A051DA2205012F
:101CA00010EE1CF0EB51E126EC51E222DEC4E6F42A
:101CB000DEC4E6F4DEC4E6F4DEC4E6F420EE20F092
:101CC000EB51D926EC51DA22BCC6DEF4BDC6DDF4F8
:101CD0000601A151D8A499D19FC60DF5A0C60EF555
:101CE000BCC60FF5BDC610F580ECD1F0050120EEA5
:101CF00006F0EB51D926EC51DA220DC5DEF40EC503
:101D0000DEF40FC5DEF410C5DEF41C0E0601BC25A2
:101D1000066E000EBD21076E91ECCAF0050120EEA3
:101D20000AF0EB51D926EC51DA2206C5DEF407C5DC
:101D3000DEF408C5DEF409C5DEF420EE22F0EB5136
:101D4000D926EC51DA22DE6ADD6AEBC5D9F4ECC59E
:101D5000DAF49FC6DEF4A0C6DDF4060120EE06F03C
:101D60009F51D926A051DA22050110EE02F0EB5165
:101D7000E126EC51E222DEC4E6F4DDC4E5F420EE17
:101D80000EF0EB51D926EC51DA22EFC5DFF420EE4C
:101D90000FF0EB51D926EC51DA22DF6A20EE18F071
:101DA000EB51D926EC51DA22DE6ADE6ADE6ADD6AA0
:101DB00020EE10F0EB51D926EC51DA22DE6ADE6A11
:101DC000DE6ADD6AEFAB21D120EE0AF0EB51D926B5
:101DD000EC51DA22DE50DE10DE10DE10D8B415D160
:101DE00020EE0AF0EB51D926EC51DA2210EE10F079
:101DF000EB51E126EC51E222DEC4E6F4DEC4E6F467
:101E0000DEC4E6F4DEC4E6F4060120EE0AF09F51DB
:101E1000D926A051DA22DEC4F0F5DDC4F1F50501C2
:101E2000F051F26FF151F36FF46BF56B090ED8902E
:101E3000F237F337F437F537E82EF9D7F2C587F6DE
:101E4000F3C588F6F4C589F6F5C58AF620EE06F0E6
:101E5000EB51D926EC51DA22DEC49BF6DEC49CF6A7
:101E6000DEC49DF6DEC49EF620EE0AF0EB51D926C4
:101E7000EC51DA22DEC497F6DEC498F6DEC499F699
:101E8000DEC49AF634D0EBC564F5ECC565F59BC6A7
:101E900066F59CC667F59DC668F59EC669F53EEC7D
:101EA000A7F064C59BF665C59CF666C59DF667C53B
:101EB0009EF606019E519D119C1106E1020E9B5D4E
:101EC000D8B002D0020EA16F9B2909E19C2907E13D
:101ED0009D2905E19E29D8A402D0010EA16F87514A
:101EE000975F8851985B8951995B8A519A5B06018B
:101EF000A151D8A40AD09751875D9851885999511A
:101F000089599A518A59D8A0BED7050120EE14F0FC
:101F1000EB51D926EC51DA229BC6DEF49CC6DEF4E6
:101F20009DC6DEF49EC6DEF40601A151D8A46DD094
:101F3000FF0E97150501F06F010E060198150501BA
:101F4000F16F000E060199150501F26F000E0601F2
:101F50009A150501F36FF051F111F211F311D8B494
:101F600054D09FC612F5A0C613F59BC614F59CC6A7
:101F700015F59DC616F59EC617F5D1ECC9F012C52C
:101F800093F613C594F614C595F615C596F6060195
:101F90009351941195119611D8A403D0020EA16FFC
:101FA00034D097C6F0F598C6F1F599C6F2F59AC601
:101FB000F3F50A0E06D00501D890F333F233F1336E
:101FC000F033E82EF8D7060193510501F025F46FA0
:101FD000060194510501F121F56F060195510501A6
:101FE000F221F66F060196510501F321F76F20EEFD
:101FF00018F0EB51D926EC51DA22F4C5DEF4F5C520
:10200000DEF4F6C5DEF4F7C5DEF40601A151D8B45E
:1020100006D0EBC5D9F4ECC5DAF4DE6ADD6AA1516D
:10202000120080C597F581C598F584C5D9F485C59A
:10203000DAF4DE6ADD6A7EC507F57FC508F5A70E0E
:10204000096E050E0A6E31ECCAF00501966F9651C5
:10205000D8A40BD020EE0FF07E51D9267F51DA2282
:10206000DF50966F9651D8B402D09651120020EEF0
:102070000EF07E51D9267F51DA22DFB002D0070E52
:10208000120020EE10F07E51D9267F51DA22DEC4F4
:1020900086F5DEC487F5DEC488F5DEC489F520EE5A
:1020A0000AF07E51D9267F51DA22DEC48AF5DEC4D9
:1020B0008BF5DEC48CF5DEC48DF586518A5D926F9A
:1020C00087518B59936F88518C59946F89518D59D1
:1020D000956F8251866F8351876F886B896B8651AC
:1020E000925D875193598851945989519559D8B027
:1020F00004D092C582F593C583F582518311D8B47B
:1021000050D220EE10F07E51D9267F51DA22FF0EF8
:10211000DE14866F010EDE14876F000EDE14886FEA
:10212000000EDE14896F8651871188118911D8A499
:10213000B7D120EE10F07E51D9267F51DA22DEC4CD
:1021400086F5DEC487F5DEC488F5DEC489F50A0E9F
:1021500005D0D8908933883387338633E82EF9D772
:1021600020EE0AF0A751D926A851DA22DEC48AF55A
:10217000DDC48BF5FF0E8A258C6FFF0E8B218D6FD2
:1021800086518C159D6F87518D159E6F9D519E11A7
:10219000D8A492D020EE10F07E51D9267F51DA22B9
:1021A000DE50DE10DE10DE10D8A40FD020EE06F0D8
:1021B0007E51D9267F51DA22DEC499F5DEC49AF524
:1021C000DEC49BF5DEC49CF543D020EE22F07E51A8
:1021D000D9267F51DA22DE50DE10D8B41DD07EC55C
:1021E00013F57FC514F520EE10F07E51D9267F51EE
:1021F000DA22DEC415F5DEC416F5DEC417F5DEC43A
:1022000018F56FECC1F013C599F514C59AF515C50D
:102210009BF516C59CF51CD07EC564F57FC565F59C
:1022200020EE14F07E51D9267F51DA22DEC466F505
:10223000DEC467F5DEC468F5DEC469F53EECA7F0E0
:1022400064C599F565C59AF566C59BF567C59CF5A6
:1022500005019C519B119A110EE1020E995DD8B0B7
:102260000AD020EE0FF07E51D9267F51DA22020EDD
:10227000DF6E020E1200992911E19A290FE19B29C4
:102280000DE19C29D8A40AD020EE0FF07E51D9266A
:102290007F51DA22010EDF6E010E120020EE14F0E3
:1022A0007E51D9267F51DA2299C5DEF49AC5DEF433
:1022B0009BC5DEF49CC5DEF4A7C512F5A8C513F5D1
:1022C00020EE14F07E51D9267F51DA22DEC414F5B7
:1022D000DEC415F5DEC416F5DEC417F5D1ECC9F081
:1022E00012C59FF513C5A0F514C5A1F515C5A2F536
:1022F00005019F51A011A111A211D8B4B2D79D51CF
:102300009F279E51A023000EA123000EA22382C569
:1023100086F583C587F5090E886FD8908733863395
:10232000882FFBD786C5A3F587C5A4F5A351A411B3
:10233000D8B4A8D0A3519D25866FA4519E21876F44
:1023400020EE0AF0A751D926A851DA228651DE5C88
:102350008751DE58D8B010D020EE0AF0A751D92608
:10236000A851DA22DEC486F5DDC487F59D51865D6D
:10237000A36F9E518759A46F97C512F598C513F5A1
:102380009FC514F5A0C515F5A1C516F5A2C517F58D
:10239000A3C518F5A4C519F520EE01F0A751D9265B
:1023A000A851DA22DF5087ECCEF00009D8A4B1D0D2
:1023B000050120EE04F0A751D926A851DA22DF50FA
:1023C000D8B450D0A351866FA451876F886B896BA6
:1023D00020EE2EF0A751D926A851DA22DEC48AF5C4
:1023E000DEC48BF5DEC48CF5DEC48DF59F518A5DAD
:1023F0008E6FA0518B598F6FA1518C59906FA25144
:102400008D59916F86518E5D87518F5988519059A2
:1024100089519159D8B026D020EE2EF0A751D92657
:10242000A851DA22DEC486F5DDC487F59F51865FA8
:10243000A051875B090ED89086378737E82EFBD7E7
:1024400086519725066E87519821076E320EA72573
:10245000086E000EA821096E020E0B6E000E0A6EA9
:1024600094ECD5F0A3C586F5A4C587F5090ED890E0
:10247000050186378737E82EFAD786C5A5F587C5C3
:10248000A6F570D020EE18F07E51D9267F51DA22C1
:102490009FC5DEF4A0C5DEF4A1C5DEF4A2C5DEF45E
:1024A00020EE10F07E51D9267F51DA22DEC486F567
:1024B000DDC487F5FF0E8615886F010E8715896FBD
:1024C00088510008A56F8951D8A0E82A0208A66F94
:1024D000A551825DA6518359D8B004D082C5A5F517
:1024E00083C5A6F5A7C52EF5A8C52FF520EE18F0D3
:1024F0007E51D9267F51DA22DEC430F5DEC431F5B3
:10250000DEC432F5DEC433F5F7ECCCF00009D8B404
:1025100002D00501B9D697C506F598C507F505019E
:1025200020EE10F07E51D9267F51DA22DEC486F5E6
:10253000DDC487F5FF0E8615886F010E8715896F3C
:102540008851A7258A6F8951A8218B6F320E8A2561
:10255000086E000E8B21096EA5C50AF5A6C50BF500
:1025600094ECD5F00501A551825FA651835B84C52B
:10257000D9F485C5DAF4A551DE26A651DD22A55190
:102580009727A651982320EE10F07E51D9267F512F
:10259000DA22A551DE26A651DE22000EDE22DE2240
:1025A000ACD5000E120025C5D9F426C5DAF4DEC478
:1025B0006CF5DDC46DF523C5D9F424C5DAF410EE4D
:1025C0000CF0DE50E126DD50E222E6C46EF5E5C4F3
:1025D0006FF5000E0501736F000E726F6C0E146EB6
:1025E000050E156E57ECC6F014C562F515C563F5FA
:1025F00016C564F517C565F50501622909E163296A
:1026000007E1642905E16529D8A402D0060E12006D
:10261000655103E16405D8A00FD0D8907235D96E0A
:102620007335DA6E6E51D9266F51DA2264C5DEF445
:1026300065C5DDF4724B732B62C574F563C575F522
:10264000755104E1200E745DD8A035D02F0E741999
:102650007511D8B430D05C0E74197511D8B42BD064
:10266000755112E1800E745DD8B00ED0E60E066E84
:10267000FF0E076E74C508F575C509F572ECD5F047
:1026800006500710D8A4C2D705017351BFE1170E39
:10269000725DD8B0BBD7D8907235D96E7335DA6E0B
:1026A0006E51D9266F51DA2274C5DEF475C5DDF49A
:1026B000724B732B93D775510AE1200E745DD8B01D
:1026C00006D0040E6B6F4CD005016C4B6D2B6CC5A6
:1026D000F6F46DC5F7F4000EF86E360EF76403D00D
:1026E0000800F55005D0F6C4E9F4F7C4EAF4EF5059
:1026F0002F0AD8B4E9D76CC5F6F46DC5F7F4000E0F
:10270000F86E360EF76403D00800F55005D0F6C415
:10271000E9F4F7C4EAF4EF505C0AD8B4D5D7000E58
:1027200005016B6F000E616F200E606F6CC5F6F4D3
:102730006DC5F7F4000EF86E360EF76403D008008E
:10274000F55005D0F6C4E9F4F7C4EAF4EF50276E6B
:10275000286A05016051275C61512858D8A0B1D77B
:1027600025C5D9F426C5DAF46CC5DEF46DC5DDF4F3
:1027700024D072C527F573C528F5D890273628369A
:1027800027506E25296E28506F212A6EFE0E2924AF
:10279000D96EFF0E2A20DA6EDEC474F5DDC475F53D
:1027A000200E74197511D8B405D02E0E7419751138
:1027B000D8A407D07207D8A0730772517311D8A498
:1027C000D8D7D8907235D96E7335DA6E6E51D92656
:1027D0006F51DA22DE6ADD6A72517311D8B416D7EE
:1027E000000E716F000E706F02D0704B712BD8907D
:1027F0007035D96E7135DA6E6E51D9266F51DA2285
:10280000200EDE18DE10D8B4F0D770517111D8A4A4
:102810000ED0D8907035D96E7135DA6E6E51D926DA
:102820006F51DA222E0EDE18DE10D8A406D0030E69
:102830006B1303D07207D8A0730772517311D8B409
:1028400018D072C527F573C528F5D89027362836D5
:1028500027506E25296E28506F212A6EFE0E2924DE
:10286000D96EFF0E2A20DA6E2E0EDE18DE10D8A4E6
:10287000E1D71C0E2324066E000E2420076E000EE6
:10288000096E200E086E000E0B6E0B0E0A6EF9EC30
:10289000D7F0000E05016A6F6AC566F5676B000E1A
:1028A000696F080E686FD8907035D96E7135DA6E21
:1028B0006E51D9266F51DA22DEC474F5DDC475F588
:1028C000704B712B74517511D8B4E6D0200E741969
:1028D0007511D8B40CD02E0E74197511D8A40AD065
:1028E0007251701904E173517119D8B403D0030EF9
:1028F0006B13D9D76851665D69516759D8B007D055
:10290000725170192CE173517119D8A428D00B0E93
:1029100068196911D8A403D0030E6B13BDD072518E
:10292000701904E173517119D8B402D0030E6B13FE
:102930007051725D71517359D8A0AED072C570F5E7
:1029400073C571F5000E676F080E666F000E696F34
:102950000B0E686FD8906A37D8906A37A4D7755134
:1029600004E1800E745DD8A027D06B8374C506F592
:1029700075C507F5086A096A010E0B6EB50E0A6E79
:10298000EDECCAF006C574F507C575F5050174AF21
:1029900013D07F0E7415276E000E7515286E0D0E60
:1029A0002724F66EFB0E2820F76EF86A000EF82238
:1029B0000800F550746F756B7505D8A024D0FF0E14
:1029C0006825276EFF0E6921286E2750665D285006
:1029D0006759D8A007D0030E6B1368C566F569C5A3
:1029E00067F561D766512324276E67512420286E2E
:1029F0001C0E2724D96E000E2820DA6E7551DF6E6A
:102A0000664B672B38D074517511D8B40ED0F70EC1
:102A1000066EFF0E076E74C508F575C509F572ECF4
:102A2000D5F006500710D8B408D0000E0501756F18
:102A30005F0E746F030E6B131ED00501755104E118
:102A4000410E745DD8A006D0755104E15B0E745D33
:102A5000D8A06A83755104E1610E745DD8A00BD0D3
:102A6000755109E17B0E745DD8B005D06A81200EE6
:102A7000745F000E755B66512324276E6751242016
:102A8000286E1C0E2724D96E000E2820DA6E74C51D
:102A9000DFF4664B672B07D720EE1CF02350D926B6
:102AA0002450DA22E50EDE18D8A408D020EE1CF05F
:102AB0002350D9262450DA22050EDF6E080E68193D
:102AC0006911D8A404D0D8906A37D8906A376A516F
:102AD0000C0B0C0AD8B404D06A51030B030AD8B407
:102AE0006B836BB304D06AB16B896AB56B8720EED8
:102AF00027F02350D9262450DA226BC5DFF4000ECC
:102B00001200CE505E6216D0C96ABF80CFA2FED737
:102B1000B490C968BF90B1A0FED7600000F243F541
:102B20000001010E826FFF0E816F61000CF5C1F490
:102B30003F8E1100B49054667BD05E2808E0B1A0AF
:102B4000FED7600000F242F5BE8AFF0E5E6ECE50E8
:102B50001F0B5D6206D0D1380F0B4A6E376A386A98
:102B60001F0F11EC96F020EF96F02AEF96F004EF8D
:102B700097F076EF96F0D9EF97F072EF96F088EF36
:102B800096F07EEF96F025EF96F063EF96F068EF03
:102B900096F07AEF96F05EEF96F06DEF96F088EF94
:102BA00096F0F3EF96F0F3EF96F0A3EF96F0BFEF09
:102BB00097F039EF97F0CEEF96F031EF97F0D7EF2F
:102BC00097F041EF97F089EF96F0F3EF96F0D1EFA1
:102BD00097F03DEF97F066EF97F035EF97F0D7EF6E
:102BE00097F0F3EF96F06CEF97F077EF97F084EFB4
:102BF00097F09DEF97F0AAEF97F0AAEF97F09DEF6F
:102C000097F0AAEF97F0B4EF97F0AAEF97F0AAEF3A
:102C100097F0AAEF97F0AAEF97F0AAEF97F0AAEF34
:102C200097F0E844E844FD26E86AFE22FF221200FD
:102C3000CEB8F3EF96F061004CF5C1F4F2EF96F0E8
:102C400061002CF5C1F4F2EF96F0610044F5C1F497
:102C5000F2EF96F06100A4F300F06100A8F301F038
:102C600004EE42F03750E9263850EA22EFC4C1F4AE
:102C7000374A382A3750355C02E0ECEF96F038508E
:102C8000365C02E0ECEF96F00001030E866F010E59
:102C9000826F500E816F536EE7EF96F06100A4F3E0
:102CA00000F06100A8F301F002EE00F0610018F5F9
:102CB000E9F4462AEFC4C1F4ECEF96F06100ECF4BD
:102CC000C1F4F2EF96F0610040F5C1F4F2EF96F036
:102CD00061001CF5C1F4F2EF96F0610038F5C1F423
:102CE000F2EF96F061003CF5C1F47CD06100E4F4B1
:102CF000C1F478D06100E8F4C1F474D04944E838F4
:102D0000406E4D44E844E8444C104010C16E6AD017
:102D10006AD0D150516EE8B666D052660BD0000131
:102D2000030E866F010E826F510E816F536E100E6F
:102D3000506E5FD00001030E866F010E826F500E41
:102D4000816F536F56D04A50030A4DE16100A4F3DE
:102D500000F06100A8F301F004EE42F03750E926DC
:102D60003850EA22D1C4EFF4600000F0E9F46000CA
:102D700004F0EAF4374A382A3750355C34E13850E9
:102D8000365C31E10001030E866F010E826F820E08
:102D9000816F536E030E566E57842BD06100A4F3DF
:102DA00000F06100A8F301F002EE00F0610018F5F8
:102DB000E9F4D1C4EFF4600000F0E9F4600004F03D
:102DC000EAF4462A3B5046620ED0400EDDD0B1A058
:102DD000FED7C0808051C090600000F0E9F4600030
:102DE00004F0EAF4C96ABF80CFA2FED7C968BF90D9
:102DF0001100B1A0FED7C080BF80CFA2FED7C968A6
:102E00008051C090BF901100020E456204D0610055
:102E100010F5C1F424D06100D8F300F06100DCF3B8
:102E200001F06100E0F302F06100D4F340F5000E20
:102E30004524F66EF76A000EF722F86A380EF8227B
:102E40000800F550C16E600000F0F6F4600004F078
:102E5000F7F4600008F0F8F4610000F5F5F4452A95
:102E6000C1D7610044F34FF5BED7610044F34EF57E
:102E7000BAD7610044F339F5B6D7D150030B3A6E97
:102E8000B2D70001030E866F010E826F500E816F64
:102E9000536E356A366AD140E838030B496E02E159
:102EA000362A0CD0010A03E1020E366E07D0030A5F
:102EB00003E1040E366E02D0800E356ED144E83840
:102EC000030B4D6ED150070B4C6E93D73C6AD1501B
:102ED0003B6E89E13C2A87D70001030E866F010E05
:102EE000826F500E816F536E396A3A6A82D7000141
:102EF000030E866F010E826F820E816F536E020E7B
:102F0000566E5784F9EF96F0D150040B0AE1000198
:102F1000030E866F010E826F580E816F536EF9EFAC
:102F200096F00001030E866F010E826F510E816FC5
:102F3000536E040E506EF9EF96F00001030E866F8B
:102F4000010E826F820E816F536E010E566E578492
:102F5000F9EF96F00001030E866F010E826F500E9E
:102F6000816F536EF9EF96F0506A0001030E866F81
:102F7000010E826F400E816F536EF9EF96F0610083
:102F800044F348F5466A800E4810566E0001030E61
:102F9000866F010E826F820E816F536E5784F9EF38
:102FA00096F0610044F344F5456AF3EF96F0F3EFD1
:102FB00096F041A073D661000CF5C1F4C96ABF80D8
:102FC000CE501F0B5E6ECFA2FED7B490C968BF90E3
:102FD000BE9A0001020E896F610008F543F5030EE9
:102FE000866F010E826FFF0E816F61000CF5C1F4D8
:102FF0003F8E110006018D6F06018D51240D5B0E71
:10300000F324996F120EF4209A6F20EE06F0995176
:10301000D9269A51DA22DE500501F85DD8A002D0F7
:10302000010E01D0000E0601956F9551D8B409D05C
:1030300020EE06F09951D9269A51DA22DF50050187
:10304000F85F060120EE02F09951D9269A51DA2252
:103050000501F751DE18D8A40BD0060120EE03F0CD
:103060009951D9269A51DA229551DE18D8B40FD049
:10307000F7C5E9F595C6EAF506018D514FECBBF0B1
:103080000501E95106019E6F9E51D8A429D2000E78
:10309000966F000E9625D96EDA6A070EDA22DF5097
:1030A0000501F96F010E06019625D96EDA6A070E41
:1030B000DA22DF500501FA6FF9510601976FFAC560
:1030C00098F697519811D8B40BD298AF02D0010E50
:1030D00001D0000E8E6FFF0E97173F0E981720EE4F
:1030E00005F09951D9269A51DA22DF50D8A407D099
:1030F0008E51D8A404D0000E886F020E03D0000EAB
:10310000886F010E876F87C6A0F62F0E0501A26F8C
:10311000060EA36F060120EE07F09951D9269A51A9
:10312000DA22DEC4F9F5DEC4FAF5DEC4FBF5DEC44E
:10313000FCF597510501F925A46F06019851050189
:10314000FA21A56F000EFB21A66F000EFC21A76FD0
:1031500000EC80F006019E6F9E51D8A415D02F0E72
:1031600005017E6F060E7F6F000E806F080E816F67
:10317000000E836F0E0E826F9C0E846F060E856F9D
:1031800011EC90F006019E6F9E51D8A4A9D19D51DB
:1031900004E10E0E9C5DD8A0A3D1000E9B6F000E23
:1031A0009B25D96EDA6A080EDA22FE0EDE18D8A444
:1031B00091D1A0519B27000E9B25D96EDA6A080E8B
:1031C000DA220501F751DE18D8A484D10601A051F6
:1031D0009B27000E9B25D96EDA6A080EDA22DF5093
:1031E000010B9519D8A476D1A0519B27000E9B25E1
:1031F000D96EDA6A080EDA220501F851DE18D8A471
:1032000069D10601A0519B27A0519B27A0519B2764
:10321000A0519B278E51D8A404D0000E8A6F1E0E99
:1032200003D0000E8A6F2B0E896F89C693F6A051CA
:103230009303F350936F2F0E0501A26F060EA36F39
:10324000060120EE07F09951D9269A51DA22DEC400
:10325000F9F5DEC4FAF5DEC4FBF5DEC4FCF59B51DE
:1032600097250501FD6F000E060198210501FE6FEF
:10327000FD51F925A46FFE51FA21A56F000EFB2127
:10328000A66F000EFC21A76F00EC80F006019E6F78
:103290009E51D8A414D02F0E05017E6F060E7F6FAD
:1032A000000E806F080E816F93C682F5836B9C0EB3
:1032B000846F060E856F11EC90F006019E6F9E5193
:1032C000D8A40ED193519C5D000E9D59D8A008D171
:1032D0009469000E9F6F1DD0000E9F25D96EDA6A8B
:1032E000080EDA22F70EDF6412D0000E9F25D96E89
:1032F000DA6A080EDA22FC0EDF6009D0000E9F2584
:10330000D96EDA6A080EDA22DF50946F06D0A05127
:103310009F2793519F5DD8A0DFD79429D8B4E0D0E0
:10332000A0519F272F0E0501A26F060EA36F060165
:1033300020EE07F09951D9269A51DA22DEC4F9F528
:10334000DEC4FAF5DEC4FBF5DEC4FCF59F519BC676
:10335000FDF50501FE6BFD27000EFE2306019751CA
:103360000501FD27060198510501FE23FD51F925B0
:10337000A46FFE51FA21A56F000EFB21A66F000E6F
:10338000FC21A76F00EC80F006019E6F9E51D8A42F
:10339000A7D0A005D8A414D02F0E05017E6F060E6D
:1033A0007F6F000E806F080E816F010E836F000E1D
:1033B000826F9C0E846F060E856F11EC90F072D0B8
:1033C000000E8F6F080E906F2F0E05017E6F060E98
:1033D0007F6F420E806F100E816F010E836F000EA3
:1033E000826F9C0E846F060E856F11EC90F00601C3
:1033F0009E6F9E51D8A474D09D05D8A071D0420E66
:10340000916F100E926F000E9F6F7F0E9F6501D01F
:1034100012D091C6D9F492C6DAF48FC6E1F490C600
:10342000E2F4DFC4E7F4914B922B8F4B902B914B3E
:10343000922B9F2BEAD72F0E05017E6F060E7F6F12
:10344000420E806F100E816F010E836F000E826F2F
:103450009C0E846F060E856F11EC90F006019E6F36
:103460009E51D8A43DD09D05D8A03AD0420E916F70
:10347000100E926F000E9F6F7F0E9F6501D012D0CD
:1034800091C6D9F492C6DAF48FC6E1F490C6E2F49C
:10349000DFC4E7F4914B922B8F4B902B914B922BE7
:1034A0009F2BEAD7F80E06019419D8B408D0FA0E6B
:1034B0009419D8B404D0000E8C6F000E03D0000E07
:1034C0008C6F060E8B6F8BC647F5010E3C6E000E9F
:1034D0003B6E1200020E060196273F0E9665D9D567
:1034E000050E476E12000501726F13C560F514C515
:1034F00061F505017251D8B402D0040E12005FA02C
:1035000002D0030E1200010E776F2CD2BE9AD1ECBE
:10351000D8F0FF0AD8A443D2000E050121D2000E34
:103520000D6E000E0E6E000E0F6E000E106E490E28
:10353000D8ECD5F00009D8A432D2620E076E050E81
:10354000086E000E0A6E100E096EFFECCFF0000937
:10355000D8B425D205016245E846030BE806D8A495
:1035600048D069C515F53F0E151615C516F5176A2D
:10357000186A196A17C519F516C518F5176A166A73
:103580006A511B6E6B511A6E1A5016241C6E1B501A
:1035900017201D6E000E18201E6E000E19201F6EC3
:1035A000010E1C24736F000E1D20746F000E1E2070
:1035B000756F000E1F20766F73C515F574C516F56F
:1035C00075C517F576C518F50A0ED8901536163656
:1035D00017361836E82EF9D713C5D9F414C5DAF41E
:1035E00015C5DEF416C5DEF417C5DEF418C5DEF425
:1035F00093D7156A6CAF01D0152A010E151667C551
:1036000016F50F0E16166B51030B020DF350162410
:103610001524020F786F6851030B156E166A0A0E97
:10362000D89015361636E82EFBD76951176E186AF2
:10363000D89017361836D890173618366AC519F547
:10364000060E1A6ED89019321A2EFCD7195017246C
:103650001B6E000E18201C6E15501B241D6E16507C
:103660001C201E6E010E1D26000E1E221DC573F5A8
:103670001EC574F5756B766B78C515F5F70E1526B6
:1036800073C516F574C517F575C518F576C519F522
:10369000152A05D0D8901636173618361936152E35
:1036A000F9D748D013C5D9F414C5DAF4000EDE6E8C
:1036B000020EDD6E31D759A44AD0000E0D6E000EF9
:1036C0000E6E000E0F6E000E106ECD0ED8ECD5F003
:1036D0000009D8A464D1FF0E31ECD9F0620E076E58
:1036E000050E086E000E0A6E100E096EFFECCFF08C
:1036F0000009D8B454D1300E0501786F05D0FF0E03
:1037000031ECD9F0050178077851D8A4F8D76CC509
:1037100015F5153A0F0E1516100E166E176A186A63
:10372000196A152A05D0D890163617361836193664
:10373000152EF9D713C5D9F414C5DAF416C5DEF47D
:1037400017C5DEF418C5DEF419C5DEF4E5D6000EA3
:103750000D6E000E0E6E000E0F6E000E106E490EF6
:10376000D8ECD5F00009D8A41AD1620E076E050E68
:10377000086E000E0A6E100E096EFFECCFF0000905
:10378000D8B40DD159A22BD06FC515F5060E166E03
:10379000D8901532162EFCD7FF0E152605016C5158
:1037A0003F0B176E186AD89017361836196A6DAF26
:1037B00001D0192A010E191619501726000E1822C9
:1037C000010E1726000E1822152A03D0D89017369E
:1037D0001836152EFBD717501A6E185035D06CC5F9
:1037E00015F5D8901532D89015321F0E1516010E0A
:1037F0001524066E076A000E072205016D51030BA2
:10380000166E176AD89016361736D89016361736B1
:10381000D890163617366DC518F5050E196ED89066
:103820001832192EFCD7070E181618501626000E3F
:103830001722010E1624086E000E1720096E75EC73
:10384000D8F006501A6E07501B6E1C6A1D6A13C50D
:10385000D9F414C5DAF41AC5DEF41BC5DEF41CC5B0
:10386000DEF41DC5DEF458D660C5D9F461C5DAF4BE
:1038700059C5DFF451D6000E0D6E000E0E6E000E0F
:103880000F6E000E106E490ED8ECD5F00009D8A4CA
:1038900086D013C507F514C508F5000E0A6E100E84
:1038A000096EFFECCFF00009D8A436D678D0000E10
:1038B0000D6E000E0E6E000E0F6E000E106E4A0E94
:1038C000D8ECD5F00009D8A46AD013C507F514C503
:1038D00008F5000E0A6E100E096EFFECCFF0E3D76C
:1038E000000E0D6E000E0E6E000E0F6E000E106EAE
:1038F0007A0ED8ECD5F00009D8A451D0000E0501FD
:10390000786F78511324D96E000E1420DA6EFF0EF2
:1039100031ECD9F0DF6E0501782B030E7865F1D715
:10392000FBD559A43CD0000E0D6E000E0E6E000E9D
:103930000F6E000E106ECD0ED8ECD5F00009D8A495
:103940002ED0FF0E31ECD9F013C507F514C508F5DC
:10395000000E0A6E400E096EFFECCFF0A4D7040EE5
:10396000776F1DD01250000AD8B4D0D5010AD8B450
:10397000D6D5030AD8B496D6010AD8B49CD6090A7B
:10398000D8B472D7010AD8B476D7070AD8B48FD77B
:10399000010AD8B4A5D7030AD8B4C3D7E0D79FEC9F
:1039A000D9F005017751120085C5D9F486C5DAF43E
:1039B000DEC49CF5DDC49DF5050187518811891190
:1039C0008A11D8A42DD020EE0EF09C51D9269D51FD
:1039D000DA22DEC494F5DEC495F5DEC496F5DEC4C5
:1039E00097F59451951196119711D8B410D020EEF7
:1039F00016F09C51D9269D51DA22DE50945DDE509E
:103A00009559DE509659DE509759D8A05BD0010EDB
:103A1000946F000E956F000E966F000E976F52D048
:103A200085C564F586C565F587C566F588C567F5FE
:103A300089C568F58AC569F53EECA7F064C59EF5B1
:103A400065C59FF566C5A0F567C5A1F50501A1513E
:103A5000A0119F110DE1020E9E5DD8B009D0010E9C
:103A6000856F000E866F000E876F000E886F120044
:103A70009E2910E19F290EE1A0290CE1A129D8A4DB
:103A800009D09EC585F59FC586F5A0C587F5A1C55A
:103A900088F5120020EE16F09C51D9269D51DA22AD
:103AA000DE509E5DDE509F59DE50A059DE50A15978
:103AB000D8A0E7D787C594F588C595F589C596F54B
:103AC0008AC597F520EE12F09C51D9269D51DA2235
:103AD000DE50DE10DE10DE10D8A409D0000E856F97
:103AE000000E866F000E876F000E886F1200000EAA
:103AF000986F000E996F000E9A6F000E9B6F8751A2
:103B0000941909E18851951906E18951961903E143
:103B10008A519719D8A486D0010E9425986F000E6B
:103B20009521996F000E96219A6F000E97219B6F39
:103B300020EE16F09C51D9269D51DA22DE50985D78
:103B4000DE509959DE509A59DE509B59D8A008D0C2
:103B5000020E986F000E996F000E9A6F000E9B6F09
:103B600085C564F586C565F598C566F599C567F59B
:103B70009AC568F59BC569F53EECA7F064C59EF54E
:103B800065C59FF566C5A0F567C5A1F505019E054C
:103B90009F11A011A111D8B474D79E2907E19F29C4
:103BA00005E1A02903E1A129D8B46BD79E519F114B
:103BB000A011A111D8B436D020EE0EF09C51D92618
:103BC0009D51DA22DEC49EF5DEC49FF5DEC4A0F569
:103BD000DEC4A1F5A151A0119F1104E1020E9E5D6A
:103BE000D8A018D020EE16F09C51D9269D51DA228B
:103BF000DE509E5DDE509F59DE50A059DE50A15927
:103C0000D8B008D09EC594F59FC595F5A0C596F58A
:103C1000A1C597F5000E986F000E996F000E9A6F70
:103C2000000E9B6F985199119A119B11D8A468D0DE
:103C300094C598F595C599F596C59AF597C59BF5E0
:103C4000010E9827000E99239A239B2320EE16F04D
:103C50009C51D9269D51DA22DE50985DDE5099594B
:103C6000DE509A59DE509B59D8A010D0020E986FA2
:103C7000000E996F000E9A6F000E9B6F9751961170
:103C8000951104E1020E945DD8A028D785C564F58E
:103C900086C565F598C566F599C567F59AC568F551
:103CA0009BC569F53EECA7F064C59EF565C59FF51B
:103CB00066C5A0F567C5A1F505019E519F11A0112C
:103CC000A111D8B41DD09E059F11A011A111D8B487
:103CD000D8D69E2907E19F2905E1A02903E1A12962
:103CE000D8B4CFD694519819ABE195519919A8E160
:103CF00096519A19A5E197519B19D8B4EFD6A0D740
:103D00009CC564F59DC565F598C566F599C567F5CB
:103D10009AC568F59BC569F5FF0E6A6FFF0E6B6F5C
:103D2000FF0E6C6FFF0E6D6F6FECA1F00501936FCE
:103D30009351D8A41ED08751881189118A11D8B403
:103D400018D09CC564F59DC565F587C566F588C521
:103D500067F589C568F58AC569F598C56AF599C595
:103D60006BF59AC56CF59BC56DF56FECA1F005017F
:103D7000936F9351D8A450D020EE0EF09C51D926C9
:103D80009D51DA2298C5DEF499C5DEF49AC5DEF4B9
:103D90009BC5DEF420EE12F09C51D9269D51DA220B
:103DA000DE50DE10DE10DE10D8B446D020EE12F069
:103DB0009C51D9269D51DA2210EE16F09C51E12635
:103DC0009D51E222FE0EE6248F6FFF0EE620906FDB
:103DD000FF0EE620916FFF0EE620926FDE508F5DA2
:103DE000DE509059DE509159DE509259D8A024D01F
:103DF00020EE12F09C51D9269D51DA22DE06000EEB
:103E0000DE5ADE5ADE5A20EE05F09C51D9269D512D
:103E1000DA22000EDB8010D09305D8B409D0010E51
:103E2000986F000E996F000E9A6F000E9B6F04D072
:103E3000986999699A699B6998C585F599C586F5C8
:103E40009AC587F59BC588F512001EC5D9F41FC514
:103E5000DAF4DEC429F5DDC42AF520EE16F0205090
:103E6000D9262150DA22DF6A20EE16F01E50D9261C
:103E70001F50DA22DE50DE10DE10DE10D8B4120041
:103E800020EE28F01E50D9261F50DA22DE2807E146
:103E9000DE2805E1DE2803E1DE28D8B4A2D0000E3A
:103EA000346E000E336E33C52FF534C530F569D04E
:103EB00020EE0CF02950D9262A50DA22DEC422F551
:103EC000DDC423F5D8902F34D96E3034DA6E225009
:103ED000D9262350DA22DEC431F5DDC432F52F4A6B
:103EE000302A2D502E10D8A40DD0D80E325CD8A078
:103EF00009D0E00E325CD8B005D031C52DF532C501
:103F00002EF543D02D50226E2E50236E246A256A42
:103F100023C525F522C524F5236A226A31502210D3
:103F2000146E32502310156E000E2410166E000E03
:103F30002510176E33502024266E34502120276E12
:103F4000160E2624186E000E2720196E33501708FF
:103F50001A6E3450D8A0E82A00081B6EB5ECCFF0DA
:103F600014C52BF515C52CF52B502C10D8A405D055
:103F7000000E346E000E336E1FD02B5033262C50A3
:103F80003422000E2E6E000E2D6E20EE0CF0295005
:103F9000D9262A50DA22DEC422F5DDC423F5D890D2
:103FA0002F34D96E3034DA6E2250D9262350DA22DB
:103FB000DE50DE10D8A47CD72D502E10D8B404D0FB
:103FC000000E346E000E336E33502024226E3450B7
:103FD0002120236E160E2224D96E000E2320DA6EC5
:103FE000DF6A000E346E000E336E33C52FF534C514
:103FF00030F550D020EE1AF01E50D9261F50DA228C
:10400000DEC422F5DDC423F52F502224D96E3050B2
:104010002320DA6EDF50246E2450316E326A2F4A2C
:10402000302A200E31183210D8B434D0050E311891
:104030003210D8A404D0000E326EE50E316E090E97
:104040002F183010D8A416D0345014E10C0E335C65
:10405000D8B010D033502024226E34502120236E4B
:10406000090E2224D96E000E2320DA6E2E0EDF6E8A
:10407000334A342A33502024226E34502120236EB8
:10408000090E2224D96E000E2320DA6E31C5DFF42A
:10409000334A342A305004E10B0E2F5CD8A0AAD743
:1040A00033502024226E34502120236E090E222406
:1040B000D96E000E2320DA6EDF6A20EE16F0205053
:1040C000D9262150DA22DF50D8A49DD033503410A5
:1040D000D8A411D033502024226E34502120236ED6
:1040E000160E2224D96E000E2320DA6E3F0EDF6EEC
:1040F000334A342A65D0000E346E000E336E33C559
:104100002FF534C530F5080E286E4BD02F502024E3
:10411000226E30502120236E090E2224D96E000E0B
:104120002320DA6EDF50246E2450316E326A2E0E58
:1041300031183210D8A402D0100E286E325004E18B
:10414000410E315CD8A01BD0325019E15B0E315CBE
:10415000D8B015D020EE1AF01E50D9261F50DA2202
:1041600010EE0CF0DE50E126DD50E222E75028147C
:104170000009D8B404D0200E3126000E322233506C
:104180002024226E34502120236E160E2224D96E54
:10419000000E2320DA6E31C5DFF42F4A302A334A6D
:1041A000342A2F502024226E30502120236E090EF5
:1041B0002224D96E000E2320DA6EDF50D8A4A6D7B1
:1041C00033502024226E34502120236E160E2224D8
:1041D000D96E000E2320DA6EDF6A20EE1AF01E5030
:1041E000D9261F50DA2210EE0CF0DE50E126DD5009
:1041F000E222E750D8A407D020EE09F02050D926BB
:104200002150DA22DF6A20EE08F02050D926215012
:10421000DA2210EE1AF01E50E1261F50E22200EEC4
:104220000BF0E650E926E550EA22EF503F0BDF6E37
:1042300020EE1AF01E50D9261F50DA22DEC422F5D5
:10424000DDC423F51C0E2224066E000E2320076E0B
:1042500091ECCAF020C5D9F421C5DAF406C5DEF424
:1042600007C5DEF408C5DEF409C5DEF420EE1AF059
:104270001E50D9261F50DA22DEC422F5DDC423F5F4
:10428000160E2224066E000E2320076ECFECD6F009
:1042900020EE06F02050D9262150DA2206C5DEF4A1
:1042A00007C5DDF420EE1AF01E50D9261F50DA2281
:1042B000DEC422F5DDC423F5180E2224066E000E9E
:1042C0002320076ECFECD6F020EE04F02050D92644
:1042D0002150DA2206C5DEF407C5DDF41200020E15
:1042E0000501846F69516811671104E1020E665D72
:1042F000D8A016D220EE16F06451D9266551DA22E4
:10430000DE50665DDE506759DE506859DE506959EF
:10431000D8A0F8D105D266C582F567C583F5D890D7
:1043200083316F6F82316E6F6E5182276F5183239D
:1043300064C52EF565C52FF520EE22F06451D9260F
:104340006551DA22DEC46EF5DEC46FF5DEC470F5A9
:10435000DEC471F582C572F583C573F5090E746FFD
:10436000D89073337233742FFBD772516E25306E31
:1043700073516F21316E000E7021326E000E71216B
:10438000336EF7ECCCF00501846F8451D8A4C8D10A
:10439000FF0E82156E6F010E83156F6F6E516425CF
:1043A000706F6F516521716F320E7025806F000E36
:1043B0007121816F824B832B66B104D06AC57CF575
:1043C0007D6B1AD06A516E6F6F6B6E3B6F3BF00E58
:1043D0006F176E510F0B6F13F00E6E1780C5D9F467
:1043E00081C5DAF4DF500F0B706F716B6E51701175
:1043F0007C6F6F5171117D6F80C5D9F481C5DAF47E
:104400007CC5DFF420EE04F06451D9266551DA2230
:10441000010EDF6E64C52EF565C52FF520EE22F086
:104420006451D9266551DA22DEC46EF5DEC46FF51B
:10443000DEC470F5DEC471F582C572F583C573F50F
:10444000090E746FD89073337233742FFBD7725187
:104450006E25306E73516F21316E000E7021326EF9
:10446000000E7121336EF7ECCCF00501846F84519E
:10447000D8A456D1FF0E82156E6F010E83156F6F93
:104480006E516425706F6F516521716F320E70250A
:10449000806F000E7121816F66B11BD06AC56EF509
:1044A0006BC56FF56CC570F56DC571F56FC56EF5B3
:1044B00070C56FF571C570F5716B0F0E6E1780C505
:1044C000D9F481C5DAF4DF50F00B6E11726F7251BE
:1044D00012D06AC56EF56BC56FF56CC570F56DC50C
:1044E00071F5050E05D0D890713370336F336E338C
:1044F000E82EF9D76E517E6F7F6B80C5D9F481C5E8
:10450000DAF47EC5DFF454D064C52EF565C52FF509
:1045100020EE22F06451D9266551DA22DEC46EF510
:10452000DEC46FF5DEC470F5DEC471F566C572F5E4
:1045300067C573F568C574F569C575F573C572F51A
:1045400074C573F575C574F5756B6E517225306E53
:104550006F517321316E70517421326E715175211A
:10456000336EF7ECCCF00501846F8451D8A4D8D019
:1045700066C56EF567C56FF5D8906E376F37FF0E5D
:104580006E15706F010E6F15716F70516425726F2B
:1045900071516521736F320E7225066E000E732104
:1045A000076E6AC508F56BC509F54EECD8F0A8D0C2
:1045B00020EE04F06451D9266551DA22010EDF6E37
:1045C000AFD064C52EF565C52FF520EE22F06451FD
:1045D000D9266551DA22DEC46EF5DEC46FF5DEC47D
:1045E00070F5DEC471F566C572F567C573F568C50B
:1045F00074F569C575F5080E05D0D8907533743318
:1046000073337233E82EF9D76E517225306E6F51C5
:104610007321316E70517421326E71517521336E78
:10462000F7ECCCF00501846F8451D8A479D066C52D
:104630006EF567C56FF5D8906E376F37D8906E37C7
:104640006F37FF0E6E15706F010E6F15716F705121
:104650006425726F71516521736F320E7225066E7B
:10466000000E7321076E91ECCAF0000E06140501CE
:10467000746F000E0714756F000E0814766FF00E3D
:104680000914776FFF0E6A15786FFF0E6B15796F3F
:10469000FF0E6C157A6F0F0E6D157B6F74517811CC
:1046A0006A6F755179116B6F76517A116C6F775112
:1046B0007B116D6F66C56EF567C56FF5D8906E3767
:1046C0006F37D8906E376F37FF0E6E15706F010E13
:1046D0006F15716F70516425726F71516521736F21
:1046E000320E7225066E000E7321076E6AC508F53C
:1046F0006BC509F56CC50AF56DC50BF561ECD2F01B
:10470000050156D764C5D9F465C5DAF4DF50010A4E
:10471000D8B401D6030AD8B4F7D6010AD8B451D711
:10472000845112000601D36F0601D351C40D000E4F
:10473000F324D96F0B0EF420DA6F20EE3CF0D95140
:10474000D926DA51DA22DF50D8B402D0000E120096
:10475000D351C40D240EF324D46F0B0EF420D56F67
:10476000D4C6D9F4D5C6DAF4DF50D8A41BD0D4C649
:1047700006F5D5C607F5EF0E086EFF0E096EC1EC03
:10478000D4F0060120EE07F0D451D926D551DA2213
:10479000D351300FDF6E20EE08F0D451D926D55119
:1047A000DA22DF6A030ECE6F0501F8A302D0070EEE
:1047B00003D0F8A503D0010E0601CE6FD9C6EBF5E4
:1047C000DAC6ECF5D4C6EDF5D5C6EEF5CEC6EFF5F6
:1047D000FAEC8CF00601D66FD651D8B403D006019E
:1047E000D6511200F8C5F9F5030E0501F917D8A442
:1047F0003FD0440E0601D9250501F96F000E0601D0
:10480000DA210501FA6F060120EE22F0D951D926EE
:10481000DA51DA22F9C5DEF4FAC5DDF420EE44F00F
:10482000D951D926DA51DA22200EDE6E000EDE6E64
:10483000000EDE6E000EDD6ED9C6A2F5DAC6A3F557
:10484000FF0E0501A46FFF0EA56FFF0EA66FFF0EF2
:10485000A76F00EC80F00601D66FD651D8A408D01F
:1048600020EE3CF0D951D926DA51DA22000EDB8253
:104870000501F8A30BD0D9C6E9F5DAC6EAF53FEC95
:10488000B8F00601D66FD651D8A434D1D9C67EF57A
:10489000DAC67FF5420E0501806F100E816F010EA2
:1048A000836F000E826FD10E846F060E856F11EC40
:1048B00090F00601D66FD651D8A41CD1D205D111E3
:1048C000D8B404D0090E0601D66F14D1420ED76FAA
:1048D000100ED86FD7C6D9F4D8C6DAF4560EDE1843
:1048E000D8A4F0D720EE01F0D751D926D851DA223A
:1048F000CB0EDE18D8A4E6D720EE02F0D751D92689
:10490000D851DA22100EDE18D8B40AD020EE02F008
:10491000D751D926D851DA22110EDE18D8A4D2D711
:104920000501F8A509D0060120EE3FF0D951D9269E
:10493000DA51DA22010E12D0060120EE3FF0D951F1
:10494000D926DA51DA2210EE07F0D751E126D851F4
:10495000E222E7AE02D0010E01D0000EDF6E20EEA3
:104960001BF0D751D926D851DA22DF500501F96F53
:10497000030EF917F951FB6FFA6B060120EE40F0B8
:10498000D951D926DA51DA22FAC5DEF4FBC5DDF4B5
:1049900020EE40F0D951D926DA51DA2210EE1CF07F
:1049A000D751E126D851E222E7500501F96FF951BC
:1049B000DE26000EDD22060120EE1DF0D751D9269D
:1049C000D851DA22DF50D8A405D0010ED06F000EE6
:1049D000CF6F0DD020EE1DF0D751D926D851DA2255
:1049E000DF500501F96FF9510601CF6FD06B20EE52
:1049F0001AF0D751D926D851DA22DF50D8A421D0C5
:104A000020EE43F0D951D926DA51DA22200EDF6E9A
:104A100020EE42F0D951D926DA51DA22CFC606F576
:104A2000D0C607F510EE43F0D951E126DA51E22263
:104A3000E7500501F96FF951086E096A71ECD4F07D
:104A400026D020EE1AF0D751D926D851DA2210EE0E
:104A500042F0D951E126DA51E222DFC4E7F420EE38
:104A600043F0D951D926DA51DA22CFC606F5D0C69D
:104A700007F510EE42F0D951E126DA51E222E75073
:104A80000501F96FF951086E096A71ECD4F006500E
:104A9000DF6E060120EE43F0D951D926DA51DA2231
:104AA000DF50066E20EE1DF0D751D926D851DA22FC
:104AB000DF5024ECD8F00009D8A404D7060120EE7A
:104AC00042F0D951D926DA51DA22080EDF6401D03A
:104AD000F9D620EE3DF0D951D926DA51DA22DE6A34
:104AE000DD6A20EE3CF0D951D926DA51DA22000EE7
:104AF000DB802CD6D9C68CF5DAC68DF5B6ECD5F0B0
:104B00006ED6C9C5D9F4CAC5DAF4DEC4E8F5DDC489
:104B1000E9F5050120EE27F0C951D926CA51DA225C
:104B2000DF50CB6FA00ECB17D8B402D0060E120008
:104B3000000EE36F000EE26F02D0E24BE32B20EE9B
:104B40000CF0E851D926E951DA22DEC4CBF5DDC4F8
:104B5000CCF5D890E235D96EE335DA6ECB51D92653
:104B6000CC51DA22DE50DE10D8A4E7D7D50E066E7F
:104B7000050E076E1C0EC925086E000ECA21096EAF
:104B8000000E0B6E0C0E0A6E94ECD5F00501E0A140
:104B90004ED020EE27F0C951D926CA51DA22400E54
:104BA000DF6E000EE56F010EE46F1C0EC925116E5D
:104BB000000ECA21126ED50E136E050E146E20EE75
:104BC0000CF0E851D926E951DA22DEC415F5DDC42E
:104BD00016F5E4C517F5E5C518F526ECB1F0C9C51D
:104BE000BCF5CAC5BDF5A8ECADF00501EA6FEA5108
:104BF000D8A408D0E44BE52BE55104E1640EE45D54
:104C0000D8A0D3D7640EE419E511D8A402D0070EBA
:104C10001200040EEA19D8B402D0EA51120020EEB4
:104C200027F0C951D926CA51DA22E0C5DFF4E0B332
:104C300005D0000EE76F010EE66F13D00C0EE225D3
:104C4000066E000EE321076E000E096E0D0E086E53
:104C500071ECD4F0010E06240501E66F000E07206A
:104C6000E76FC9C5BCF5CAC5BDF5E6C5BEF5E7C564
:104C7000BFF5DEECC4F00501EA6FEA51D8A498D084
:104C8000E607D8A0E707E651E711D8B491D0C9C527
:104C90007EF5CAC57FF5E6C5CBF5E7C5CCF5050EB3
:104CA000D890CB37CC37E82EFBD7CB51CD6FCC513A
:104CB000CE6FCF6BD06B20EE0EF0C951D926CA5102
:104CC000DA22DEC4D1F5DEC4D2F5DEC4D3F5DEC40B
:104CD000D4F5CD51D15D806FCE51D259816FCF5176
:104CE000D359826FD051D459836FACECAAF005012F
:104CF000EA6FEA51D8A45CD01C0EC925066E000EDE
:104D0000CA21076E5CECD6F00501E16FE8C52EF50F
:104D1000E9C52FF520EE16F0C951D926CA51DA227D
:104D2000DEC430F5DEC431F5DEC432F5DEC433F561
:104D3000F7ECCCF00501EA6FEA51D8A439D020EEA7
:104D40000CF0E851D926E951DA22DEC40CF5DDC4B5
:104D50000DF520EE1AF0C951D926CA51DA22DEC467
:104D60000EF5DDC40FF5E6C510F5E1C511F5C4EC8F
:104D7000C3F0050120EE04F0E851D926E951DA220A
:104D8000010EDF6EC9C5A2F5CAC5A3F5000EA56F59
:104D9000000EA46FF7ECA8F00501EA6FEA51D8A461
:104DA00007D0E607D8A0E707E651E711D8A4AED7A9
:104DB000EA51D8A432D7E8C52EF5E9C52FF520EE83
:104DC00016F0C951D926CA51DA22DEC430F5DEC444
:104DD00031F5DEC432F5DEC433F5F7ECCCF0050175
:104DE000EA6FEA51D8A419D720EE1AF0C951D92692
:104DF000CA51DA22DEC406F5DDC407F5000E096EDD
:104E0000000E086E000E0B6E200E0A6EF9ECD7F045
:104E1000050120EE1AF0C951D926CA51DA22DEC4A2
:104E200006F5DDC407F51C0EC925086E000ECA2163
:104E3000096E000E0B6E0B0E0A6E94ECD5F0050198
:104E400020EE1AF0C951D926CA51DA2210EE0CF020
:104E5000DE50E126DD50E22220EE27F0C951D926AE
:104E6000CA51DA22DF50180BE76E20EE04F0E85149
:104E7000D926E951DA22010EDF6ECFD664C5D9F406
:104E800065C5DAF4DEC47CF5DDC47DF50501695144
:104E90006811671104E1020E665DD8A010D020EE03
:104EA00016F07C51D9267D51DA22DE50665DDE5047
:104EB0006759DE506859DE506959D8A008D0010EF4
:104EC000746F000E756F000E766F000E76D17469E8
:104ED00075697669776973D166C57AF567C57BF5BB
:104EE000D8907B316B6F7A316A6F6A517A276B5138
:104EF0007B237CC52EF57DC52FF520EE22F07C515D
:104F0000D9267D51DA22DEC46AF5DEC46BF5DEC433
:104F10006CF5DEC46DF57AC56EF57BC56FF5090ECF
:104F2000706FD8906F336E33702FFBD76E516A2538
:104F3000306E6F516B21316E000E6C21326E000E9F
:104F40006D21336EF7ECCCF00009D8A447D1FF0EE9
:104F500005017A156A6F010E7B156B6F6A517C250E
:104F60006C6F6B517D216D6F320E6C25D96E000E0A
:104F70006D21DA6EDF506E6F6E51786F796B7A4B00
:104F80007B2B7CC52EF57DC52FF520EE22F07C51C4
:104F9000D9267D51DA22DEC46AF5DEC46BF5DEC4A3
:104FA0006CF5DEC46DF57AC56EF57BC56FF5090E3F
:104FB000706FD8906F336E33702FFBD76E516A25A8
:104FC000306E6F516B21316E000E6C21326E000E0F
:104FD0006D21336EF7ECCCF00009D8A4FFD0FF0EA2
:104FE00005017A156A6F010E7B156B6F6A517C257E
:104FF0006C6F6B517D216D6F320E6C25D96E000E7A
:105000006D21DA6EDF506E6F6E51706F6F6B6F5186
:1050100078137051791366B107D0FF0E7815726F4F
:105020000F0E7915736F0FD078C56AF579C56BF5DA
:10503000040E6C6FD8906B336A336C2FFBD76AC544
:1050400072F56BC573F572C574F573C575F553D0FC
:105050007CC52EF57DC52FF520EE22F07C51D9269A
:105060007D51DA22DEC46AF5DEC46BF5DEC46CF570
:10507000DEC46DF566C56EF567C56FF568C570F57C
:1050800069C571F56FC56EF570C56FF571C570F5C1
:10509000716B6A516E25306E6B516F21316E6C51A0
:1050A0007021326E6D517121336EF7ECCCF0000936
:1050B000D8A494D066C56AF567C56BF5D89005018C
:1050C0006A376B37FF0E6A156C6F010E6B156D6FCB
:1050D0006C517C256E6F6D517D216F6F320E6E2588
:1050E000066E000E6F21076ECFECD6F006C574F584
:1050F00007C575F50501766B776B70D07CC52EF50D
:105100007DC52FF520EE22F07C51D9267D51DA2283
:10511000DEC46AF5DEC46BF5DEC46CF5DEC46DF585
:1051200066C56EF567C56FF568C570F569C571F53B
:10513000080E05D0D890713370336F336E33E82E7C
:10514000F9D76A516E25306E6B516F21316E6C51FB
:105150007021326E6D517121336EF7ECCCF0000985
:10516000D8A43CD066C56AF567C56BF50501D89033
:105170006A376B37D8906A376B37FF0E6A156C6FDA
:10518000010E6B156D6F6C517C256E6F6D517D211D
:105190006F6F320E6E25066E000E6F21076E91EC5A
:1051A000CAF0FF0E06140501746FFF0E0714756F29
:1051B000FF0E0814766F0F0E0914776F0FD07CC5A1
:1051C000D9F47DC5DAF4DF50010AD8B485D6030AD4
:1051D000D8B43ED7010AD8B491D771D674C564F556
:1051E00075C565F576C566F577C567F51200A2C584
:1051F000D9F4A3C5DAF4DEC4B6F5DDC4B7F505010C
:1052000020EE0EF0A251D926A351DA22DEC4A6F573
:10521000DEC4A7F5DEC4A8F5DEC4A9F5200EA625D8
:10522000B26F000EA721B36F000EA821B46F000E5D
:10523000A921B56FB55104E1200EB45DD8A00AD004
:1052400020EE16F0A251D926A351DA22DE6ADE6AD8
:10525000DE6ADD6A20EE16F0A251D926A351DA22C9
:10526000DE50DE10DE10DE10D8A402D0040E1200D4
:10527000FF0EB215A66F010EB315A76F000EB41581
:10528000A86F000EB515A96FA651A711A811A911F5
:10529000D8A438D120EE16F0A251D926A351DA2293
:1052A000DE2A000EDE22DE22DE2220EE12F0A251E5
:1052B000D926A351DA22DE50DE10DE10DE10D8A48B
:1052C0002CD020EE08F0B651D926B751DA22DEC430
:1052D000A6F5DDC4A7F5A651A86FA751A96FAA6BC3
:1052E000AB6BB2C5ACF5B3C5ADF5B4C5AEF5B5C5E0
:1052F000AFF5060E05D0D890AF33AE33AD33AC3337
:10530000E82EF9D7A851AC5DA951AD59AA51AE59B3
:10531000AB51AF59D8A0F6D079D020EE0AF0B651F3
:10532000D926B751DA22DEC4A6F5DDC4A7F5FF0EF3
:10533000A625A86FFF0EA721A96FB2C5AAF5B3C510
:10534000ABF5B4C5ACF5B5C5ADF50A0E05D0D89032
:10535000AD33AC33AB33AA33E82EF9D7A851AA1535
:10536000AE6FA951AB15AF6F000EAC15B06F000E4C
:10537000AD15B16FAE51AF11B011B111D8A4C2D0FB
:10538000A2C564F5A3C565F520EE12F0A251D92699
:10539000A351DA22DEC466F5DEC467F5DEC468F523
:1053A000DEC469F53EECA7F064C5B8F565C5B9F58E
:1053B00066C5BAF567C5BBF50501BB51BA11B91190
:1053C00006E1020EB85DD8B002D0020E1200B82974
:1053D00009E1B92907E1BA2905E1BB29D8A402D01E
:1053E000010E120020EE16F0B651D926B751DA227E
:1053F000DE50B85DDE50B959DE50BA59DE50BB59A7
:10540000D8A054D0A451A511D8A40BD020EE16F0EA
:10541000A251D926A351DA22DE6ADE6ADE6ADD6A8B
:1054200025D7A2C585F5A3C586F520EE12F0A251B9
:10543000D926A351DA22DEC487F5DEC488F5DEC49E
:1054400089F5DEC48AF5D4EC9CF085C5B8F586C52F
:10545000B9F587C5BAF588C5BBF50501B851B911CD
:10546000BA11BB11D8A402D0070E1200B805B911A9
:10547000BA11BB11D8B4A9D7B82907E1B92905E1F8
:10548000BA2903E1BB29D8B4ABD7B6C52EF5B7C549
:105490002FF5B8C530F5B9C531F5BAC532F5BBC57C
:1054A00033F532ECC3F00009D8A49AD7050120EEF9
:1054B00012F0A251D926A351DA22B8C5DEF4B9C53B
:1054C000DEF4BAC5DEF4BBC5DEF4B6C512F5B7C569
:1054D00013F5B8C514F5B9C515F5BAC516F5BBC5AC
:1054E00017F5D1ECC9F0050120EE16F0A251D9262E
:1054F000A351DA2212C5DEF413C5DEF414C5DEF4BE
:1055000015C5DEF420EE0EF0A251D926A351DA2201
:10551000B2C5DEF4B3C5DEF4B4C5DEF4B5C5DEF461
:10552000FF0EB215A66F010EB315A76FA651B625D3
:10553000A86FA751B721A96F320EA827000EA92383
:1055400020EE1AF0A251D926A351DA22A8C5DEF422
:10555000A9C5DDF4000E12007EC5D9F47FC5DAF4CA
:10556000DEC496F5DDC497F50501835116E1200EE2
:10557000825DD8B012D01F0E8015846F000E811589
:10558000856F000E8215866F000E8315876F84511C
:10559000851186118711D8B402D0020E120020EEB8
:1055A0000EF07E51D9267F51DA2280C5DEF481C506
:1055B000DEF482C5DEF483C5DEF420EE06F07E5113
:1055C000D9267F51DA22DEC492F5DEC493F5DEC41B
:1055D00094F5DEC495F59251931194119511D8A4C8
:1055E00015D096C5D9F497C5DAF4020EDF640ED053
:1055F00020EE26F09651D9269751DA22DEC492F594
:10560000DEC493F5DEC494F5DEC495F59251931192
:1056100094119511D8A440D020EE08F09651D926C7
:105620009751DA22DEC484F5DDC485F58451866F96
:105630008551876F886B896B80C58AF581C58BF52D
:1056400082C58CF583C58DF5060E05D0D8908D33B7
:105650008C338B338A33E82EF9D786518A5D875194
:105660008B5988518C5989518D59D8B096D720EED5
:1056700026F09651D9269751DA2210EE16F07E5177
:10568000E1267F51E222DEC4E6F4DEC4E6F4DEC4A5
:10569000E6F4DEC4E6F48AD020EE0AF09651D9266C
:1056A0009751DA22DEC484F5DDC485F58451866F16
:1056B0008551876F886B896B090ED890863787373D
:1056C00088378937E82EF9D786C58EF587C58FF5D7
:1056D00088C590F589C591F542D07EC564F57FC532
:1056E00065F592C566F593C567F594C568F595C5EA
:1056F00069F53EECA7F064C592F565C593F566C5FE
:1057000094F567C595F50501922909E1932907E10B
:10571000942905E19529D8A402D0010E12009551D3
:105720009411931104E1020E925DD8A036D720EEB9
:1057300016F09651D9269751DA22DE50925DDE504E
:105740009359DE509459DE509559D8B026D78E51D2
:10575000805F8F51815B9051825B9151835B8E5151
:10576000805D8F5181599051825991518359D8B0A0
:10577000B4D796C512F597C513F592C514F593C520
:1057800015F594C516F595C517F5D1ECC9F00501C9
:1057900020EE16F07E51D9267F51DA2212C5DEF4B2
:1057A00013C5DEF414C5DEF415C5DEF420EE12F0E8
:1057B0007E51D9267F51DA2292C5DEF493C5DEF4FC
:1057C00094C5DEF495C5DEF420EE16F07E51D926A0
:1057D0007F51DA22DE50DE10DE10DE10D8B4DDD6C6
:1057E00080C584F581C585F582C586F583C587F5B5
:1057F0000A0E05D0D8908733863385338433E82E5C
:10580000F9D720EE16F07E51D9267F51DA22845145
:10581000DE268551DE228651DE228751DE22FF0EF2
:105820008015846F010E8115856F84519625866FD2
:1058300085519721876F320E8627000E872320EE31
:105840001AF07E51D9267F51DA2286C5DEF487C54B
:10585000DDF4000E12000601896F06018951240D46
:105860005B0EF324966F120EF420976FF7C5D9F4F0
:10587000F8C5DAF4010EDF6EF9C5D9F4FAC5DAF429
:10588000010EDF6E96C6D9F497C6DAF4DEC4FBF5D6
:10589000DDC4FCF5FBC58AF6FCC58BF68C6B8D6B05
:1058A000100E8A27000E8B238C238D232F0E0501CB
:1058B000A26F060EA36F8AC6A4F58BC6A5F58CC68B
:1058C000A6F58DC6A7F500EC80F00601936F935105
:1058D000D8A415D02F0E05017E6F060E7F6F000E27
:1058E000806F070E816F000E836F800E826F910EA6
:1058F000846F060E856F11EC90F00601936F935143
:10590000D8B406D0925104E1800E915DD8A0120067
:1059100020EE06F09651D9269751DA22DF6A000E62
:10592000986F000E9825D96EDA6A070EDA22DF50DA
:105930000501FB6F010E06019825D96EDA6A070E84
:10594000DA22DF500501FC6FFB510601946FFCC5A4
:1059500095F694519511D8B48DD095AF02D0010E23
:1059600001D0000E906FFF0E94173F0E951720EE9A
:1059700006F09651D9269751DA22DF2A9051D8B4F1
:1059800005D0F9C5D9F4FAC5DAF4DF6A20EE05F0DE
:105990009651D9269751DA22DF50D8A407D09051DA
:1059A000D8A404D0000E886F020E03D0000E886FBA
:1059B000010E876F87C68EF62F0E0501A26F060EA9
:1059C000A36F060194518A250501A46F0601955124
:1059D0008B210501A56F000E06018C210501A66F24
:1059E000000E06018D210501A76F00EC80F0060175
:1059F000936F9351D8A415D02F0E05017E6F060E1C
:105A00007F6F000E806F080E816F000E836F0E0E89
:105A1000826F910E846F060E856F11EC90F0060177
:105A2000936F9351D8A426D0925104E10E0E915D4C
:105A3000D8A020D0000E8F6FFE0E08010019D8A448
:105A400013D006018E518F278E518F27000E8F2580
:105A5000D96EDA6A080EDA220801DFA005D0F7C590
:105A6000D9F4F8C5DAF4DF6A020E060198273F0E72
:105A7000986557D720EE06F09651D9269751DA222D
:105A8000DF50D8A446D0000E0501E96F000EEA6F82
:105A9000060189514FECBBF0000E0601986F000E15
:105AA0009825D96EDA6A070EDA22DF500501FB6FFE
:105AB000010E06019825D96EDA6A070EDA22DF5048
:105AC0000501FC6FFB510601946FFCC595F69451DE
:105AD0009511D8B41ED095AF02D0010E01D0000EA2
:105AE000906FFF0E94173F0E951720EE06F096511B
:105AF000D9269751DA22DF2A9051D8B405D0F9C5BA
:105B0000D9F4FAC5DAF4DF6A020E98273F0E9865D9
:105B1000C6D720EE05F09651D9269751DA22DF50EC
:105B2000D8B406D0F9C5D9F4FAC5DAF4010EDF6E9F
:105B300020EE04F09651D9269751DA22DF50D8B4DE
:105B40001200F7C5D9F4F8C5DAF4010EDF6E1200C1
:105B5000BCC5D9F4BDC5DAF4DEC4C2F5DDC4C3F5F5
:105B6000BCC57EF5BDC57FF5000E0501806F000E3A
:105B7000816F000E826F000E836FACECAAF00501FE
:105B8000C86FC851D8B403D00501C8511200C46908
:105B9000C66920EE28F0BC51D926BD51DA22FF0E8D
:105BA000DE6EFF0EDE6EFF0EDE6EFF0EDD6EC2C518
:105BB0002EF5C3C52FF520EE16F0BC51D926BD51E8
:105BC000DA22DEC430F5DEC431F5DEC432F5DEC4DF
:105BD00033F5F7ECCCF00501C86FC851D8A4D4D781
:105BE00020EE1AF0BC51D926BD51DA22DEC4BEF532
:105BF000DDC4BFF5BEC5D9F4BFC5DAF4DF50C76F49
:105C0000C751D8A403D0040EC86FBED720EE1AF037
:105C1000BC51D926BD51DA2210EE0BF0DE50E12640
:105C2000DD50E222E7503F0BC56F20EE04F0BC517F
:105C3000D926BD51DA22C5C5DFF4E50EC719D8B49F
:105C4000ACD0C5A704D00F0EC519D8A4A6D00F0E8E
:105C5000C519D8A46CD020EE27F0BC51D926BD516F
:105C6000DA22DFBCA9D0C7AD25D0C79DC7C5C6F510
:105C700020EE0EF0BC51D926BD51DA2210EE28F0EC
:105C8000BC51E126BD51E222DEC4E6F4DEC4E6F4F6
:105C9000DEC4E6F4DEC4E6F420EE1AF0BC51D926E8
:105CA000BD51DA2210EE0DF0DE50E126DD50E22289
:105CB000E750C46FC651C719D8A42AD020EE1AF0F5
:105CC000BC51D926BD51DA2210EE0DF0DE50E1268E
:105CD000DD50E222C451E618D8A41AD020EE0CF010
:105CE000C251D926C351DA22DEC418F5DDC419F534
:105CF00020EE1AF0BC51D926BD51DA22DEC41AF5C5
:105D0000DDC41BF594ECBAF018501910D8A405D0D6
:105D1000000E0501C16FC06907D0FF0E0501C62541
:105D2000C06FC16BFF0EC123C0C5C6F545D0C651BB
:105D3000D8A410D020EE1AF0BC51D926BD51DA22D9
:105D4000DEC406F5DDC407F55CECD6F00501C41928
:105D5000D8B41AD720EE27F0BC51D926BD51DA228B
:105D6000DFB01AD020EE1AF0BC51D926BD51DA228C
:105D7000DEC406F5DDC407F51C0EBC25086E000E5A
:105D8000BD21096E000E0B6E0B0E0A6E4DECCCF0B1
:105D900006500710D8B4F8D60501C66920EE28F0E1
:105DA000BC51D926BD51DA22FF0EDE6EFF0EDE6E2B
:105DB000FF0EDE6EFF0EDD6EBCC5A2F5BDC5A3F500
:105DC000000EA56F000EA46FF7ECA8F00501C86FD8
:105DD000C851D8A4D9D6EBD6040E0501CB6FBCC5EB
:105DE000D9F4BDC5DAF4DEC4C6F5DDC4C7F5CA69A9
:105DF000C969FAD0C6C52EF5C7C52FF520EE16F035
:105E0000BC51D926BD51DA22DEC430F5DEC431F5ED
:105E1000DEC432F5DEC433F5F7ECCCF00501CB6F10
:105E2000CB51D8A4EDD020EE1AF0BC51D926BD51EB
:105E3000DA22DEC4C0F5DDC4C1F5C0C5D9F4C1C5E0
:105E4000DAF4DF50CC6FCC51D8A403D0040ECB6F62
:105E5000D7D020EE1AF0BC51D926BD51DA2210EE6F
:105E60000BF0DE50E126DD50E222E7503F0BC86F19
:105E700020EE04F0BC51D926BD51DA22C8C5DFF4AA
:105E8000E50ECC19D8B415D02E0ECC19D8B411D03B
:105E9000C851DF0B080AD8A402D0010E01D0000EB1
:105EA000C06FC16BBE51C01904E1BF51C119D8B454
:105EB00002D0CA698AD00F0EC819D8A464D0CCAD5C
:105EC00025D020EE1AF0BC51D926BD51DA2210EEB1
:105ED0000DF0DE50E126DD50E222E750C96FCC9D87
:105EE000CCC5CAF520EE0EF0BC51D926BD51DA2240
:105EF00010EE28F0BC51E126BD51E222DEC4E6F4EA
:105F0000DEC4E6F4DEC4E6F4DEC4E6F4CA51CC191D
:105F1000D8A42AD020EE1AF0BC51D926BD51DA22DD
:105F200010EE0DF0DE50E126DD50E222C951E618F8
:105F3000D8A41AD020EE0CF0C651D926C751DA22C7
:105F4000DEC40DF5DDC40EF520EE1AF0BC51D926E5
:105F5000BD51DA22DEC40FF5DDC410F59EECC2F0AF
:105F60000D500E10D8A405D0000E0501C56FC469F0
:105F700007D0FF0E0501CA25C46FC56BFF0EC523F0
:105F8000C4C5CAF522D0CA51D8A410D020EE1AF048
:105F9000BC51D926BD51DA22DEC406F5DDC407F5B1
:105FA0005CECD6F00501C919D8B42AD020EE28F04F
:105FB000BC51D926BD51DA22FF0EDE6EFF0EDE6E19
:105FC000FF0EDE6EFF0EDD6E1BD0BCC5A2F5BDC59B
:105FD000A3F5000EA56F000EA46FF7ECA8F0050165
:105FE000CB6FCB51D8A40CD020EE16F0BC51D926E3
:105FF000BD51DA22DE50DE10DE10DE10D8A4FAD653
:10600000CB51D8B40AD020EE16F0BC51D926BD51E0
:10601000DA22DE6ADE6ADE6ADD6ACB511200050131
:1060200020EE04F06451D9266551DA22DF6A20EEB1
:106030002EF06451D9266551DA22FF0EDE6EFF0E76
:10604000DE6EFF0EDE6EFF0EDD6E64C52EF565C5DD
:106050002FF566C530F567C531F568C532F569C5F8
:1060600033F5F7ECCCF00009D8B406D0000E0501EA
:10607000656F040E646F1200300E05016425066E14
:10608000020E6521076ECFECD6F006C56DF507C58B
:106090006EF5050120EE32F06451D9266551DA2201
:1060A000DF50716FEB0E7119D8B408D0E90E711979
:1060B000D8B404D0E80E7119D8A4B6D0550E6D1915
:1060C0001EE1AA0E6E19D8A41AD0840E6425066E9D
:1060D000000E6521076EDD0E086EFF0E096E000EC4
:1060E0000B6E080E0A6E4DECCCF006500710D8A4CB
:1060F00006D0000E0501656F000E646F12003D0EA4
:1061000005016425066E000E6521076ECFECD6F002
:1061100006C56FF507C570F5050120EE3FF0645127
:10612000D9266551DA22DF50716FFF0E6F256A6F35
:10613000FF0E70216B6F6F516A1770516B176A51A8
:106140006B11D8A471D0020E705DD8A06DD06F0510
:10615000020E7059D8B068D07151D8B465D0FF0E16
:1061600071256A6F6B6BFF0E6B2371516A17000EFE
:106170006B176A516B11D8A457D0400E6425066E78
:10618000000E6521076ECFECD6F006500710D8B48C
:106190004BD0050120EE42F06451D9266551DA2238
:1061A000DF506A6FFF0E6A256B6F6C6BFF0E6C23FE
:1061B0006C513AE1020E6B5DD8B036D0430E6425C7
:1061C000066E000E6521076ECFECD6F00650071064
:1061D000D8B42AD0450E05016425066E000E65214F
:1061E000076ECFECD6F0075012E1800E065CD8B0F7
:1061F0000ED0520E05016425066E000E6521076E55
:1062000091ECCAF0095003E10804D8A00DD0480E63
:1062100005016425066E000E6521076ECFECD6F0F1
:1062200006500710D8A465D7550E05016D1904E175
:10623000AA0E6E19D8B405D0000E656F030E646FF8
:106240001200000E656F020E646F120011C506F594
:1062500012C507F513C508F514C509F5000E0B6E38
:106260000B0E0A6E94ECD5F0185004E1060E175C84
:10627000D8A053D017C52CF518C52DF52E6A2F6A56
:1062800040D015C5D9F416C5DAF4DEC427F5DDC44F
:1062900028F5020E1526000E1622000E336E000E93
:1062A000326E010E2714196E000E28141A6ED89043
:1062B0002C341B6E2D341C6E2E341D6E2F341E6E2E
:1062C00019501B242C6E1A501C202D6E000E1D2000
:1062D0002E6E000E1E202F6ED890283227322EA050
:1062E00008D0210E2C1A100E2D1A010E2E1A000E97
:1062F0002F1A324A332A335004E1100E325CD8A0F0
:10630000D0D715C5D9F416C5DAF4DE50DE10D8A4FE
:10631000B8D72CC517F52DC518F5000E336E070E2E
:10632000326E17500F0B300F2B6E173A183A0F0EB4
:1063300017161850F00B17120F0E1816390E2B6483
:1063400002D0070E2B261F0E3224D96E050E3320E5
:10635000DA6E2BC5DFF43206D8A033063250331084
:10636000D8B404D017501810D8A4DBD71F0E32248D
:10637000D96E050E3320DA6E7E0EDF6E000E316EA2
:10638000000E306E1ED030501124D96E31501220C4
:10639000DA6EDF509AECD9F006500710D8B40FD05F
:1063A000FF0E3224196EFF0E33201A6E305019186A
:1063B00004E131501A18D8B414D0304A312A304A86
:1063C000312A3250305C33503158D8B00AD0305076
:1063D0001124D96E31501220DA6E200EDE18D8A4A6
:1063E000D2D7335004E1080E325CD8A005D0000E9D
:1063F0002A6E200E296E0DD01F0E3224D96E050E86
:106400003320DA6EDF50196E1950296E2A6A324A2B
:10641000332A30501124D96E31501220DA6E29C53A
:10642000DFF4304A312A315005E1080E305CD8B033
:106430001200D7D71200136E1350D8B402D0010E39
:1064400012005FA202D05F501200AAECD9F02F0E0A
:106450000001896F0A0E1C6E04D0FF0E31ECD9F0DA
:106460001C061C50D8A4F9D7000E1B6E000E0D6E32
:10647000000E0E6E000E0F6E000E106E400ED8EC69
:10648000D5F0E806D8A4A1D0C80E5B6EAA0E0D6E9A
:10649000010E0E6E000E0F6E000E106E480ED8EC40
:1064A000D5F0E806D8A456D0000E1C6E140E1C249D
:1064B000D96EDA6A050EDA22FF0E31ECD9F0DF6E02
:1064C0001C2A030E1C64F2D71604D8A47ED0AA0E90
:1064D0001718D8A47AD05B50D8B40ED0000E0D6E29
:1064E000000E0E6E000E0F6E400E106EE90ED8EC10
:1064F000D5F00009D8A4EFD75B50D8B466D0000E11
:106500000D6E000E0E6E000E0F6E000E106E7A0EE7
:10651000D8ECD5F00009D8A458D0000E1C6E140E8B
:106520001C24D96EDA6A050EDA22FF0E31ECD9F09E
:10653000DF6E1C2A030E1C64F2D714BC04D0000EBC
:10654000196E040E03D0000E196E0C0E186E18C5CD
:106550001BF53BD0000E0D6E000E0E6E000E0F6E82
:10656000000E106EE90ED8ECD5F0126E020E12601D
:1065700004D0020E1B6EE90E03D0010E1B6E410EFD
:106580001A6E5B50D8B40ED0000E0D6E000E0E6E5B
:10659000000E0F6E000E106E1A50D8ECD5F00009E8
:1065A000D8A4EFD75B50D8B40ED0000E0D6E020EFB
:1065B0000E6E000E0F6E000E106E500ED8ECD5F061
:1065C0000009D8B402D0000E1B6E1BC559F59FEC14
:1065D000D9F01B50D8B416D0020E0001896F010EFD
:1065E0000D6E000E0E6E000E0F6E000E106E7B0E06
:1065F000D8ECD5F01C6E1C50D8A402D05F9002D00D
:10660000000E1B6E1B50D8A41ED773ECD9F01BD7FD
:106610002EC51BF52FC51CF579ECBDF0306E305042
:10662000D8A4DED020EE05F02E50D9262F50DA2245
:10663000DE04D8A4C1D020EE05F02E50D9262F506C
:10664000DA22DF6A2EC5D9F42FC5DAF4030EDE187C
:10665000D8A4B2D0320E2E24066E000E2F20076E64
:10666000000E096E000E086E020E0B6E000E0A6E12
:10667000F9ECD7F0320E2E24066E000E2F20076E96
:10668000520E086E520E096E610E0A6E410E0B6EAE
:1066900061ECD2F0160E2E24066E020E2F20076E2D
:1066A000720E086E720E096E410E0A6E610E0B6E4E
:1066B00061ECD2F01A0E2E24066E020E2F20076E09
:1066C00020EE12F02E50D9262F50DA22DEC408F523
:1066D000DEC409F5DEC40AF5DEC40BF561ECD2F0C8
:1066E0001E0E2E24066E020E2F20076E20EE0EF0D8
:1066F0002E50D9262F50DA22DEC408F5DEC409F563
:10670000DEC40AF5DEC40BF561ECD2F02E0E2E24A9
:10671000066E020E2F20076E000E086E000E096E28
:10672000550E0A6EAA0E0B6E61ECD2F0320E2E24BC
:10673000126E000E2F20136E20EE1EF02E50D92662
:106740002F50DA22DEC479F5DEC47AF5DEC47BF59B
:10675000DEC47CF5010E050179257D6F000E7A21DE
:106760007E6F000E7B217F6F000E7C21806F20EEFC
:106770002EF02E50D9262F50DA227DC5DEF47EC5AC
:10678000DEF47FC5DEF480C5DDF4DD52DD52DEC40B
:1067900014F5DEC415F5DEC416F5DEC417F5000EDB
:1067A000196E010E186E20EE01F02E50D9262F50D2
:1067B000DA22DF50EAECCDF0000E126E000E136EFE
:1067C000000E146E20EE01F02E50D9262F50DA2242
:1067D000DF5073EC9AF00009D8B402D0010E306E8D
:1067E000305012000501F16F0501F151240D5B0ECF
:1067F000F324FB6F120EF420FC6F2F0EA26F060E17
:10680000A36F20EE02F0FB51D926FC51DA22DEC440
:10681000A4F5DEC4A5F5DEC4A6F5DEC4A7F500EC3C
:1068200080F00501F86FF851D8B402D0000E1200C4
:1068300020EE02F0FB51D926FC51DA22000EDE26B2
:10684000220EDE22000EDE22000EDE22000EF76F88
:10685000000EF66FA4D02F0E7E6F060E7F6F000E17
:10686000806F080E816F000E836F8269F90E846F4E
:10687000050E856F11EC90F00501F86FF851D8A462
:10688000D5D7FA5103E1F929D8A0D0D7000EFD6F72
:106890007DD0000EFD25D96EDA6A080EDA22DE28D8
:1068A000D8B437D0000EFD25D96EDA6A080EDA2288
:1068B000E951DE18D8A42DD0010EFD25D96EDA6A73
:1068C000080EDA22EA51DE18D8A423D0020EFD25E4
:1068D000D96EDA6A080EDA220801DFA802D0010EAA
:1068E00001D0000E0501F56FF551EB19D8A411D0B8
:1068F00020EE01F0FB51D926FC51DA22020EFD25D3
:10690000E16EE26A080EE222E750E00BDF6E010E54
:106910001200000EFD25D96EDA6A080EDA22DE2892
:10692000D8B404D0000EF36F010E03D0000EF36F45
:10693000020EF26F020EFD25D96EDA6A080EDA2217
:10694000DF50030BF219F46FF4C5ECF5800EED6F18
:10695000EE6BEF6BF06BEC2B05D0D890ED37EE378C
:10696000EF37F037EC2FF9D720EE02F0FB51D926A4
:10697000FC51DA22ED51DE26EE51DE22EF51DE220D
:10698000F051DE22030EFD27F64BF72BFD29D8B47C
:1069900006D0550EF65D0B0EF759D8A07AD7550ED6
:1069A000F65D0B0EF759D8B041D755D70601D66F13
:1069B000000E476E0601CE51CF11D8A404D0D65197
:1069C0002319D8B412002329D8B409D02F0E0501F9
:1069D0008C6F060E8D6FB6ECD5F006012369CE5193
:1069E000CF11D8B415D0CEC6D9F4CFC6DAF4DF5063
:1069F000D8B40ED0D651240D430EF324066E120ED9
:106A0000F420076ECEC608F5CFC609F5C1ECD4F068
:106A10002F0E0501EB6F060EEC6F0601D651240D0B
:106A2000430EF3240501ED6F120EF420EE6F010EFC
:106A3000EF6FFAEC8CF00601D26FD251D8B403D0CC
:106A4000180E476E1200D6C623F6CE51CF11D8B419
:106A50001200D65130ECC0F00601D06FD651240D93
:106A6000420EF324D96E120EF420DA6ED0C6DFF493
:106A70002F0E0501A26F060EA36F000EA46F000E6D
:106A8000A56F000EA66F000EA76F00EC80F035D04A
:106A9000080E476E1200D30E996F060E9A6FD40E31
:106AA0009B6F060E9C6FD50E9D6F060E9E6FD65186
:106AB000D0ECC6F03FD0D30E0501A96F060EAA6F29
:106AC000D40EAB6F060EAC6FD50EAD6F060EAE6F6B
:106AD0000601D651C1ECBCF02DD0D30E066E060EC9
:106AE000076ED40E086E060E096ED50E0A6E060EDF
:106AF0000B6ED65162ECD8F01DD00601D651240D94
:106B0000420EF324D96E120EF420DA6EDF50D06FED
:106B1000D16BD151000AD8A40DD0D051000AD8B4FD
:106B2000B7D7010AD8B4B7D7030AD8B4C4D7010A73
:106B3000D8B4D3D7D3C600F8D4C601F8D5C602F866
:106B4000010E0801036F0601D651240D420EF324F5
:106B5000D96E120EF420DA6EDF500801046F000EB9
:106B60003C6E050E3B6E120085C5D9F486C5DAF47D
:106B7000DEC49CF5DDC49DF505018A51891188119B
:106B800004E1020E875DD8A010D020EE16F09C51D3
:106B9000D9269D51DA22DE50875DDE508859DE50BD
:106BA0008959DE508A59D8A002D0020E12008B51AA
:106BB0008C118D118E11D8B41DD09CC564F59DC566
:106BC00065F58BC566F58CC567F58DC568F58EC511
:106BD00069F5FF0E6A6FFF0E6B6FFF0E6C6FFF0E95
:106BE0006D6F6FECA1F005019B6F9B51D8B402D083
:106BF0009B51120085C564F586C565F587C566F5A8
:106C000088C567F589C568F58AC569F53EECA7F0C2
:106C100064C597F565C598F566C599F567C59AF594
:106C200005019751981199119A11D8B479D0970507
:106C3000981199119A11D8B4B8D7972909E19829D0
:106C400007E1992905E19A29D8A402D0010E120082
:106C50009CC564F59DC565F587C566F588C567F56E
:106C600089C568F58AC569F5000E6A6F000E6B6FFD
:106C7000000E6C6F000E6D6F6FECA1F005019B6F45
:106C80009B51D8A4B5D720EE16F09C51D9269D5122
:106C9000DA22FE0EDE248F6FFF0EDE20906FFF0ED5
:106CA000DE20916FFF0EDE20926F20EE12F09C51DD
:106CB000D9269D51DA228F51DE5C9051DE589151D8
:106CC000DE589251DE58D8B013D020EE12F09C510D
:106CD000D9269D51DA22DE2A000EDE22DE22DE22B5
:106CE00020EE05F09C51D9269D51DA22000EDB8062
:106CF00097C587F598C588F599C589F59AC58AF528
:106D000020EE16F09C51D9269D51DA22DE50875D87
:106D1000DE508859DE508959DE508A59D8A06AD78A
:106D2000000E1200095002E10804D8B0CAD006C50E
:106D300016F507C517F5100E175CD8A004D0BC0EC9
:106D4000126EFE0E03D0CA0E126EFB0E136E12C52B
:106D5000F6F413C5F7F4000EF86E0900F5C414F547
:106D60000A00F5C415F5020E1226000E1322145067
:106D70001510D8B4A0D01450165C15501758D8A0D0
:106D80009AD012C5F6F413C5F7F4000EF86E090098
:106D9000F5C410F50A00F5C411F5020E1226000E16
:106DA000132211500E6E0F6AFF0E1016000E1116F0
:106DB000105014240A6E115015200B6E0A50165CE8
:106DC0000B501758D8A042D066D01450165C0A6EEB
:106DD000155017580B6ED8900A360B360A501224ED
:106DE0000C6E0B5013200D6E0CC5F6F40DC5F7F4A8
:106DF000000EF86E0900F5C416F50A00F5C417F583
:106E00005AD01450165C0A6E155017580B6E010EAE
:106E10000A16000E0B160A50165E0B5002D0100E0A
:106E20000ED0175A48D0200E0AD0300E08D01A0EB5
:106E300006D0080E1626000E17223DD0500E165E04
:106E4000000EEFD7600E165E1C0EEBD70EC50AF5CE
:106E50000FC50BF50B50000AD8A42DD00A50000A1C
:106E6000D8B4B3D7010AD8B4CCD7030AD8B4D7D78B
:106E7000010AD8B4D8D7070AD8B4D7D7010AD8B4EA
:106E8000D6D7030AD8B4D5D7010AD8B4D7D70F0AB2
:106E9000D8B4D8D710D00E500F10D8A458D710C5DA
:106EA0000AF511C50BF5D8900A360B360A50122692
:106EB0000B5013224CD716C506F517C507F5086AFF
:106EC000096A06C506F507C507F508C508F509C529
:106ED00009F51200C9C5D9F4CAC5DAF4DEC4D3F580
:106EE000DDC4D4F503D00501CB4BCC2BCBC5F6F4D8
:106EF000CCC5F7F4000EF86E360EF76403D0080028
:106F0000F55005D0F6C4E9F4F7C4EAF4EF502F0ABF
:106F1000D8B4E9D7CBC5F6F4CCC5F7F4000EF86EBB
:106F2000360EF76403D00800F55005D0F6C4E9F436
:106F3000F7C4EAF4EF505C0AD8B4D5D7050120EEC7
:106F400006F0C951D926CA51DA22DE6ADE6ADE6A43
:106F5000DD6ACBC5F6F4CCC5F7F4000EF86E360E3C
:106F6000F76403D00800F55005D0F6C4E9F4F7C47F
:106F7000EAF4EF500501CD6F200ECD6118D020EE60
:106F800027F0C951D926CA51DA22800EDF6EC9C551
:106F90007EF5CAC57FF5000E806F000E816F000E72
:106FA000826F000E836FACECAAF0050128D0C9C532
:106FB00023F5CAC524F5CB0E256E050E266ED3EC3F
:106FC00092F00501D66FD651D8A457D0C9C5BCF5EB
:106FD000CAC5BDF5A8ECADF00501D66F20EE27F0CF
:106FE000C951D926CA51DA22DF50D56FD651D8B44B
:106FF00008D0040ED619D8B4D5B53FD0050ED66F3B
:107000003CD0D5B53AD020EE04F0C951D926CA51AA
:10701000DA22DFA8F3D7D3C50DF5D4C50EF520EEDF
:107020000EF0C951D926CA51DA22DEC4CDF5DDC42D
:10703000CEF5FF0ECD15CF6F010ECE15D06FCF510F
:10704000D325D16FD051D421D26F320ED1250F6EFE
:10705000000ED221106E80ECD1F0050120EE06F07A
:10706000C951D926CA51DA220DC5DEF40EC5DEF4A7
:107070000FC5DEF410C5DEF49AD7D6511200420EC9
:107080000501EE6F100EEF6FEEC506F5EFC507F5C3
:10709000000E096E000E086E010E0B6E000E0A6ED9
:1070A000F9ECD7F0EEC5D9F4EFC5DAF4560EDF6E81
:1070B000050120EE01F0EE51D926EF51DA22CB0E78
:1070C000DF6E20EE02F0EE51D926EF51DA22100EDB
:1070D000DF6E20EE04F0EE51D926EF51DA22010ED8
:1070E000DF6E20EE05F0EE51D926EF51DA22010EC7
:1070F000DF6E20EE0AF0EE51D926EF51DA22430E70
:10710000DF6ED69C20EE0CF0EE51D926EF51DA223C
:1071100005C6DFF420EE0DF0EE51D926EF51DA224C
:1071200004C6DFF420EE0EF0EE51D926EF51DA223C
:1071300006010651640FDF6ED68C050120EE1BF0B0
:10714000EE51D926EF51DA22030EDF6E20EE1CF04D
:10715000EE51D926EF51DA22480EDF6E20EE1DF0F7
:10716000EE51D926EF51DA22C00EDF6E20EE1EF06E
:10717000EE51D926EF51DA22080EDF6E20EE1FF015
:10718000EE51D926EF51DA22010EDF6E20EE1AF011
:10719000EE51D926EF51DA22060EDF6E200EEE25D3
:1071A000066E000EEF21076ED40E086EFF0E096EFC
:1071B000C1ECD4F0E9C5A2F5EAC5A3F5420E05017C
:1071C000A46F100EA56F010EA76F000EA66FEB0E39
:1071D000A86F050EA96F76EC89F00501ED6FED51F2
:1071E000D8A419D0E9C581F5EAC582F508ECBCF050
:1071F0000501ED6FED51D8A40ED0E9C5A2F5EAC5A1
:10720000A3F5000EA46F000EA56F000EA66F000E72
:10721000A76F00EC80F0000E120072C564F573C514
:1072200065F5000E0501666F000E676F000E686F52
:10723000000E696F0FECB0F064C58CF565C58DF577
:10724000020E05018C198D11D8B40FD08D5108E1B3
:10725000030E8C5DD8B004D074517511D8A405D03C
:107260008CC572F58DC573F51200000E8F6F000E80
:107270008E6F8EC576F58FC577F5763B773BF00E32
:10728000771776510F0B7713F00E7617765172251C
:10729000786F77517321796FF80E7825066E010E9D
:1072A0007921076E91ECCAF07C0E05017A6F050E0C
:1072B0007B6FD8908E35D96E8F35DA6ED890D936EF
:1072C000DA367A51D9267B51DA2206C5DEF407C5B3
:1072D000DEF408C5DEF409C5DEF48E4B8F2B8F512A
:1072E00004E1040E8E5DD8A0C4D774517511D8A4E2
:1072F00005D0000E8F6F000E8E6F06D0FF0E742526
:107300008E6FFF0E75218F6F7C0E766F050E776F77
:10731000D8908E35D96E8F35DA6ED890D936DA3668
:107320007651D9267751DA22DE50DE10DE10DE10DB
:10733000D8A405D0000E8D6F030E8C6F22D072C5BD
:1073400064F573C565F57C0E766F050E776FD89082
:107350008E35D96E8F35DA6ED890D936DA367651C9
:10736000D9267751DA22DEC466F5DEC467F5DEC4BD
:1073700068F5DEC469F50FECB0F064C58CF565C541
:107380008DF5050174517511D8A46AD78D5104E1AA
:10739000020E8C5DD8A064D78E4B8F2B8F5105E1E8
:1073A000040E8E5DD8B05CD7AFD75AD74D50C40D00
:1073B000000EF3240501F56F0B0EF420F66F20EE9E
:1073C00042F0F551D926F651DA22DE504C5CD8B0A5
:1073D0000AD020EE43F0F551D926F651DA224E506C
:1073E000DE5CD8B002D0130E120039C506F53AC5DE
:1073F00007F5086A096A20EE42F0F551D926F651E0
:10740000DA22DF50E96FE9510A6E0B6A0C6A0D6AE5
:10741000F2ECD3F006C5ECF507C5EDF508C5EEF5C1
:1074200009C5EFF5ECC506F5EDC507F5EEC508F5A0
:10743000EFC509F5050120EE43F0F551D926F651C7
:10744000DA22DF50E96FE9510A6E0B6A0C6A0D6AA5
:10745000F2ECD3F006C5F1F507C5F2F508C5F3F572
:1074600009C5F4F5050120EE43F0F551D926F65192
:10747000DA22DF50E96F4C50E903F3C4EAF5F4C4B3
:10748000EBF5EA51F127EB51F223000EF323000E46
:10749000F42320EE43F0F551D926F651DA22DF50DD
:1074A000066E4E5024ECD8F00501E96FE951F12742
:1074B000000EF223F323F423F1C506F5F2C507F518
:1074C000F3C508F5F4C509F535C50AF536C50BF55C
:1074D0000C6A0D6AF2ECD3F006C5F1F507C5F2F5BA
:1074E00008C5F3F509C5F4F5000E0501F127010EF5
:1074F000F223000EF323000EF423F5C5A2F5F6C522
:10750000A3F5F1C5A4F5F2C5A5F5F3C5A6F5F4C537
:10751000A7F500EC80F00501F06FF051D8B402D06F
:10752000F0511200000E12001A0E1A24066E000E00
:107530001B20076ECFECD6F006500710D8B405D04C
:10754000000E196E000E186E12001AC5D9F41BC574
:10755000DAF4DF501C6E3F0E1C16FF0E1C24066E64
:10756000076AFF0E0722000E096E0D0E086E75ECFD
:10757000D8F006C526F507C527F5000E256E010EC5
:10758000246E000E2B6E000E2A6EBD0E2A24F66E9F
:10759000FB0E2B20F76EF86A000EF8220800F5C4E7
:1075A0001CF51C501A24066E000E1B20076ECFEC33
:1075B000D6F006C528F507C529F524502510D8B4FE
:1075C00043D02750BDE1180E265CD8B0B9D728C5E6
:1075D00006F529C507F5086A096A92ECB6F006C5F2
:1075E0001CF507C51DF508C51EF509C51FF5265074
:1075F000206E2750216E264A272AD8902036213621
:1076000020501824D96E21501920DA6EDEC422F5DC
:10761000DDC423F522C506F523C507F5086A096A06
:1076200092ECB6F006501C188BE107501D1888E14B
:1076300008501E1885E109501F18D8A481D728C505
:1076400024F529C525F507D0282804E12928D8A440
:1076500077D701D075D72A4A2B2A2B5004E10D0E7B
:107660002A5CD8A092D71AC5D9F41BC5DAF4DFACCE
:1076700011D024502510D8B40DD0D8902634D96E0E
:107680002734DA6E1850D9261950DA22DE50DE106F
:10769000D8A456D7000E196E010E186E12000501FF
:1076A000EF6F0501EF51240D5B0EF324F56F120E01
:1076B000F420F66FE9C5F0F5F16B20EE04F0F5511A
:1076C000D926F651DA22DF50D8A403D0D890F0376B
:1076D000F137EA51F027000EF123F051EB6FF15131
:1076E000EC6FED6BEE6B20EE07F0F551D926F651FD
:1076F000DA22EBC5DEF4ECC5DEF4EDC5DEF4EEC552
:10770000DEF420EE07F0F551D926F651DA22DEC478
:1077100006F5DEC407F5DEC408F5DEC409F5F5C5D7
:10772000D9F4F6C5DAF4DEC4EBF5DDC4ECF5EBC54F
:107730000AF5ECC50BF50C6A0D6AF2ECD3F0050105
:1077400020EE07F0F551D926F651DA2206C5DEF40F
:1077500007C5DEF408C5DEF409C5DEF420EE07F047
:10776000F551D926F651DA22100EDE26000EDE2261
:10777000DE22DE222F0EA26F060EA36F20EE07F090
:10778000F551D926F651DA22DEC4A4F5DEC4A5F5FA
:10779000DEC4A6F5DEC4A7F500EC80F00501F26FAB
:1077A000F251D8A414D02F0E7E6F060E7F6F000EFC
:1077B000806F070E816F000E836F800E826FF30E55
:1077C000846F050E856F11EC90F00501F26FF25198
:1077D000D8A406D0F45106E1800EF35DD8B002D0F3
:1077E000050E11D020EE02F0F551D926F651DA221D
:1077F000E9C5DFF420EE03F0F551D926F651DA227F
:10780000EAC5DFF4000E476E47C5E9F5EA6B1200E2
:1078100081C507F582C508F5880E096E050E0A6E4A
:1078200031ECCAF00501876F8751D8A4A8D020EEAB
:107830000EF08151D9268251DA22DFACA0D052EC71
:10784000C4F006C583F507C584F508C585F509C5E7
:1078500086F588C52EF589C52FF5050120EE1CF0AB
:107860008151D9268251DA22DEC430F5DEC431F5E9
:10787000DEC432F5DEC433F5F7ECCCF00501876FDA
:107880008751D8A47CD020EE20F08151D926825196
:10789000DA22DEC48AF5DDC48BF520EE0BF08A51C6
:1078A000D9268B51DA22000EDB8A81C5D9F482C534
:1078B000DAF4DEC40AF5DDC40BF58AC50CF58BC518
:1078C0000DF520EE06F08151D9268251DA22DEC470
:1078D0000EF5DEC40FF5DEC410F5DEC411F51BECA9
:1078E000D6F01C0E05018A25066E000E8B21076E50
:1078F00020EE0AF08151D9268251DA22DEC408F541
:10790000DEC409F5DEC40AF5DEC40BF561ECD2F085
:10791000160E05018A25066E000E8B21076E83C5A3
:1079200008F584C509F585C50AF586C50BF561EC32
:10793000D2F0120E05018A25066E000E8B21076E0D
:10794000000E096E000E086E4EECD8F0050120EE18
:1079500004F08851D9268951DA22010EDF6E88C5DC
:107960002EF589C52FF508ECB3F00501876F20EEE1
:107970000EF08151D9268251DA22BF0EDF168751CF
:1079800012000501B16F0501B151240D5B0EF32406
:10799000B76F120EF420B86FA9C5D9F4AAC5DAF4EE
:1079A000DF6AABC5D9F4ACC5DAF4010EDF6EADC544
:1079B000D9F4AEC5DAF4010EDF6EB7C5D9F4B8C597
:1079C000DAF4DF6A000EB46F000EB36F86D02F0EAC
:1079D0007E6F060E7F6F000E806F080E816F000EA7
:1079E000836F8269B50E846F050E856F11EC90F080
:1079F0000501B26FB251D8A41200B65103E1B52906
:107A0000D8A01200000EB96F5FD0000EB925D96E54
:107A1000DA6A080EDA22DE28D8B451D0000EB92571
:107A2000D96EDA6A080EDA22A9C5E1F4AAC5E2F431
:107A3000DE50E65CD8B00CD0000EB925D96EDA6AFB
:107A4000080EDA22A9C5E1F4AAC5E2F4DFC4E7F41E
:107A5000010EB925D96EDA6A080EDA22B7C5E1F44B
:107A6000B8C5E2F4DE50E65CD8B00CD0010EB92502
:107A7000D96EDA6A080EDA22B7C5E1F4B8C5E2F4C5
:107A8000DFC4E7F4020EB925D96EDA6A080EDA22ED
:107A90000801DFAE05D0ADC5D9F4AEC5DAF4DF6AB2
:107AA000020E0501B925D96EDA6A080EDA2208013C
:107AB000DFA805D0ABC5D9F4ACC5DAF4DF6A030E94
:107AC0000501B927B34BB42BB929D8B406D0550E4C
:107AD000B35D0B0EB459D8A098D7550EB35D0B0EFD
:107AE000B459D8A074D7B7C5D9F4B8C5DAF4DF2A29
:107AF0001200000E2D6E20EE04F01B50D9261C50F3
:107B0000DA22DF50D8B4ABD0320E1B24126E000E36
:107B10001C20136E20EE2EF01B50D9261C50DA22AA
:107B2000DEC414F5DEC415F5DEC416F5DEC417F5A3
:107B3000000E196E010E186E20EE01F01B50D926B2
:107B40001C50DA22DF50EAECCDF00009D8A485D031
:107B500020EE04F01B50D9261C50DA22DF6A20EEFA
:107B60001AF01B50D9261C50DA2210EE22F01B50BE
:107B7000E1261C50E222E6C421F5E6C422F5E6C463
:107B800023F5E6C424F510EE2EF01B50E1261C5020
:107B9000E222E6C425F5E6C426F5E6C427F5E6C4E8
:107BA00028F52150255C296E225026582A6E235034
:107BB00027582B6E245028582C6EDE50295CDE503E
:107BC0002A58DE502B58DE502C58D8B048D020EE22
:107BD00003F01B50D9261C50DA22020EDE18D8A45E
:107BE0003ED0320E1B24126E000E1C20136E20EEAF
:107BF0001AF01B50D9261C50DA22DEC41DF5DEC453
:107C00001EF5DEC41FF5DEC420F520EE2EF01B505D
:107C1000D9261C50DA22DEC421F5DEC422F5DEC4EA
:107C200023F5DEC424F51D502124146E1E5022209D
:107C3000156E1F502320166E20502420176E000E44
:107C4000196E010E186E20EE01F01B50D9261C5043
:107C5000DA22DF50EAECCDF002D0010E2D6E2D506D
:107C60001200136E1350D8A4AED0000E3C6E000E5E
:107C70003B6E000E146E1450C40D000EF324156EEE
:107C80000B0EF420166E20EE3CF01550D92616503F
:107C9000DA22000E3B24E16E080E3C20E26EDFC4C7
:107CA000E7F43B4A3C2A20EE3FF01550D926165007
:107CB000DA22000E3B24E16E080E3C20E26EDFC4A7
:107CC000E7F43B4A3C2A000E3B24D96E080E3C20C8
:107CD000DA6E10EE40F01550E1261650E222E6C4AE
:107CE00011F5E5C412F512C511F5126A1150DF6ED7
:107CF0003B4A3C2A20EE40F01550D9261650DA2295
:107D0000000E3B24E16E080E3C20E26EDFC4E7F477
:107D10003B4A3C2A20EE42F01550D9261650DA2272
:107D2000000E3B24E16E080E3C20E26EDFC4E7F457
:107D30003B4A3C2A20EE43F01550D9261650DA2251
:107D4000000E3B24E16E080E3C20E26EDFC4E7F437
:107D50003B4A3C2A56A814D0000E3B24066E080E5F
:107D60003C20076E240E1524086E000E1620096EA6
:107D7000000E0B6E180E0A6E94ECD5F0180E1AD089
:107D8000000E3B24066E080E3C20076E240E1524C0
:107D9000086E000E1620096E000E0B6E0C0E0A6E99
:107DA00094ECD5F00C0E3B24D96E080E3C20DA6E14
:107DB000DF6A0D0E3B26000E3C22000E416E142A97
:107DC000030E146458D7580E120006018B6F06017B
:107DD0008B51240D5B0EF3248D6F120EF4208E6FE9
:107DE0008DC6D9F48EC6DAF4DE500501FF5DD8A049
:107DF00002D0010E01D0000E06018C6F8C51D8B458
:107E000007D08DC6D9F48EC6DAF4DF500501FF5FC6
:107E1000060120EE02F08D51D9268E51DA22DE6A5B
:107E2000DE6ADE6ADD6AFEC5E9F5FFC5EAF58CC6E5
:107E3000EBF58B51F2ECB3F00009D8A410D0FEC5DD
:107E4000E9F5FFC5EAF58CC6EBF506018B51F2ECBE
:107E5000B3F00009D8A403D0050E476E12002F0E10
:107E60000501A26F060EA36F060120EE02F08D51F0
:107E7000D9268E51DA22DEC4A4F5DEC4A5F5DEC40F
:107E8000A6F5DEC4A7F500EC80F00601886F8851E6
:107E9000D8A415D02F0E05017E6F060E7F6F000E41
:107EA000806F080E816F010E836F000E826F890E46
:107EB000846F060E856F11EC90F00601886F885173
:107EC000D8A4CAD78A05D8A0C7D720EE01F08D5113
:107ED000D9268E51DA22A00EDE18D8B414D020EEA6
:107EE00001F08D51D9268E51DA22600EDE18D8B4F9
:107EF0000AD020EE01F08D51D9268E51DA22200EC3
:107F0000DE18D8A402D0060E01D0000E476E010E76
:107F10003C6E000E3B6E12000501EF6F0501EF5144
:107F2000240D5B0EF324F56F120EF420F66F090E8C
:107F3000EA6503D0050E476E1200E9C5EBF5EC6B60
:107F4000ED6BEE6BF5C5D9F4F6C5DAF4EBC5DEF4EE
:107F5000ECC5DEF4EDC5DEF4EEC5DEF4F5C5D9F40E
:107F6000F6C5DAF4DEC406F5DEC407F5DEC408F5AE
:107F7000DEC409F50A0E0A6E000E0B6E000E0C6EC2
:107F8000000E0D6EF2ECD3F0F5C5D9F4F6C5DAF4B7
:107F900006C5DEF407C5DEF408C5DEF409C5DEF467
:107FA0000501EA51F5C5D9F4F6C5DAF4DE26000E6E
:107FB000DE22DE22DE22F5C5D9F4F6C5DAF4080E9B
:107FC000D890DE36DE36DE36DD36DD52DD52E82E86
:107FD000F7D72F0EA26F060EA36FF5C5D9F4F6C51D
:107FE000DAF4DEC4A4F5DEC4A5F5DEC4A6F5DEC46D
:107FF000A7F500EC80F00501F26FF251D8A414D07F
:108000002F0E7E6F060E7F6F000E806F080E816F41
:10801000010E836F000E826FF30E846F050E856F65
:1080200011EC90F00501F26FF251D8A403D0F405E1
:10803000D8B003D0180E476E1200010E3C6E000E31
:108040003B6E110EE919D8B404D0000EF16F000E8A
:1080500003D0000EF16F060EF06FF0C547F5120069
:108060002F0E05017E6F060E7F6F000E806F080ECB
:10807000816F000E836F100E826FEE0E846F050EFF
:10808000856F11EC90F00501ED6FED51D8A406D08D
:10809000EF5106E1100EEE5DD8B002D0000E1200D6
:1080A00008010051D8B403D00029D8A437D00C510E
:1080B000D8A423D00D51D8A420D00E51D8A41DD0BF
:1080C0000F51D8A41AD002C8EBF50501EC6B0801DA
:1080D00003510501EA6FE96BE951EB13EA51EC1327
:1080E000EC5104E1100EEB5DD8A007D0EB05400E7B
:1080F000EC59D8B002D0010E1200780E08010C190C
:10810000D8A40CD0560E0D19D8A408D0340E0E19D0
:10811000D8A404D0120E0F19D8B4C0D70051D8A4D7
:1081200006D0FE0E0119D8A402D0030E12002F0EA5
:108130000501A26F060EA36FFF0EA46F210EA56F9F
:10814000000EA66F000EA76F00EC80F00501ED6F2A
:10815000ED51D8A414D02F0E7E6F060E7F6F000E47
:10816000806F080E816F000E836F080E826FEE0E17
:10817000846F050E856F11EC90F00501ED6FED51E8
:10818000D8A48CD7EF5104E1080EEE5DD8A086D7B5
:1081900008010051D8B403D00029D8A4C6D7020ED4
:1081A000120006C5D9F407C5DAF4DEC40FF5DDC444
:1081B00010F50FC50CF510C50DF50F501010D8A413
:1081C00003D00668076812000CC5F6F40DC5F7F475
:1081D000000EF86E360EF76403D00800F55005D097
:1081E000F6C4E9F4F7C4EAF4EF500E6E0C4A0D2A17
:1081F0001F0E0E6404D03A0E0E18D8A4E5D73A0E1E
:108200000E18D8A467D0000E0B6E010E0A6E0FC5B3
:10821000F6F410C5F7F4000EF86E360EF76403D0CE
:108220000800F55005D0F6C4E9F4F7C4EAF4EF50BD
:10823000086E2F0E08643AD00FC5F6F410C5F7F497
:10824000000EF86E360EF76403D00800F55005D026
:10825000F6C4E9F4F7C4EAF4EF50086E3A0E086089
:1082600025D0020E0F24086E000E1020096E0C504F
:1082700008181CE10D500918D8A418D00FC5F6F441
:1082800010C5F7F4000EF86E360EF76403D0080040
:10829000F55005D0F6C4E9F4F7C4EAF4EF50086EDF
:1082A000D00E08240A6E0B6AFF0E0B220BBE05D0FF
:1082B0000B5087E10A04D8B084D706C5D9F407C5A6
:1082C000DAF40CC5DEF40DC5DDF40AC506F50BC500
:1082D00007F51200000E076E000E066E120013C5A1
:1082E000D9F414C5DAF4DEC41FF5DDC420F520EEA0
:1082F00022F01350D9261450DA22DEC419F5DDC459
:108300001AF5040E1924256E000E1A20266E15C5C6
:1083100019F516C51AF517C51BF518C51CF50A0E73
:1083200005D0D8901C321B321A321932E82EF9D7F8
:1083300019C506F51AC507F51BC508F51CC509F5CD
:1083400020EE0AF01F50D9262050DA22DEC41DF597
:10835000DDC41EF51DC50AF51EC50BF50C6A0D6AB8
:1083600086ECD0F006C521F507C522F508C523F532
:1083700009C524F525C5D9F426C5DAF4DEC427F5E8
:10838000DEC428F5DEC429F5DEC42AF5040E252650
:10839000000E26222750281029102A10D8A409D010
:1083A000000E136E000E146E000E156E000E166E8B
:1083B00012002750215C28502258295023582A5057
:1083C0002458D8A00DD02750215E2850225A295079
:1083D000235A2A50245A040E2526000E2622CAD7D4
:1083E00025C5D9F426C5DAF4DEC419F5DEC41AF5BC
:1083F000DEC41BF5DEC41CF521501924136E225077
:108400001A20146E23501B20156E24501C20166E4B
:1084100012000501D751D811D8A402D0090E1200BC
:10842000D90E906F050E916FDB0E926F050E936F54
:10843000000E946FF0EC84F00501DD6FDD51D8A4DF
:1084400072D0D7C5D9F4D8C5DAF4DBC5DEF4DCC503
:10845000DDF4D7C5C9F5D8C5CAF5D9C5CBF5DAC598
:10846000CCF56AECB7F00501DD6FDD51D8A455D02D
:1084700020EE27F0D751D926D851DA22DFBE2AD0F4
:1084800020EE04F0D751D926D851DA22DFA820D027
:10849000DBC50DF5DCC50EF520EE1AF0D751D92657
:1084A000D851DA22DEC40FF5DDC410F580ECD1F02E
:1084B000050120EE06F0D751D926D851DA220DC594
:1084C000DEF40EC5DEF40FC5DEF410C5DEF402D016
:1084D000050EDD6FDD51D8A420D020EE06F0DB5173
:1084E000D926DC51DA2210EE02F0D751E126D8511C
:1084F000E222DEC4E6F4DDC4E5F4D7C57EF5D8C5D6
:108500007FF5000E806F000E816F000E826F000EEF
:10851000836FACECAAF00501DD6F040EDD19D8A461
:1085200002D0050EDD6FDD51D8B406D0D7C5D9F421
:10853000D8C5DAF4DE6ADD6ADD5112001A0E0F24A6
:10854000066E000E1020076ECFECD6F00650071016
:10855000D8B405D0000E0E6E000E0D6E12000FC5C1
:10856000D9F410C5DAF4DF50116EBF0E1116FF0EEC
:108570001124066E076AFF0E0722000E096E0D0E0B
:10858000086E75ECD8F006C518F507C519F5000E8C
:10859000156E010E146E000E176E000E166EBD0ED7
:1085A0001624F66EFB0E1720F76EF86A000EF822FE
:1085B0000800F5C411F511500F24066E000E1020AE
:1085C000076ECFECD6F006C512F507C513F51450AB
:1085D0001510D8B41AD01950BDE1180E185CD8B0D7
:1085E000B9D712C514F513C515F5D8901834D96E3E
:1085F0001934DA6E0D50D9260E50DA2214C5DEF485
:1086000015C5DDF4184A192A05D01228A3E113284C
:10861000D8A4A0D7164A172A175004E10D0E165CED
:10862000D8A0BDD70FC5D9F410C5DAF4DFAC15D08A
:1086300014501510D8B411D019508CE1180E185CD4
:10864000D8B088D7D8901834D96E1934DA6E0D5056
:10865000D9260E50DA22DE6ADD6A000E0E6E010E99
:108660000D6E12002EC51BF52FC51CF579ECBDF063
:108670000009D8B402D0010E12002EC512F52FC584
:1086800013F530C514F531C515F532C516F533C5EA
:1086900017F5D1ECC9F012C564F513C565F514C51D
:1086A00066F515C567F520EE2EF02E50D9262F5011
:1086B000DA2264C5DEF465C5DEF466C5DEF467C59E
:1086C000DEF4320E2E24066E000E2F20076E000EF2
:1086D000096E000E086E020E0B6E000E0A6EF9ECAB
:1086E000D7F0320E2E240501626F000E2F20636F2B
:1086F000000E696F010E686F000E6B6F000E6A6FDF
:1087000005D0050168516A2769516B2320EE0AF0F4
:108710002E50D9262F50DA22DE506A5DDE506B597A
:10872000D8B020D062C512F563C513F56A5164252F
:10873000146E6B516521156E000E6621166E000ECB
:108740006721176E68C518F569C519F520EE01F0A7
:108750002E50D9262F50DA22DF50EAECCDF0000956
:10876000D8B4CFD720EE0AF02E50D9262F50DA22D7
:1087700005016A51DE1804E16B51DE18D8B402D04D
:10878000010E1200000E120020EE0DF00E50D92640
:108790000F50DA2211C5DFF420EE0BF00E50D9266F
:1087A0000F50DA220F0EDF6E20EE0CF00E50D9269D
:1087B0000F50DA22DF6A1A0E0E24066E000E0F200A
:1087C000076E000E096E000E086E4EECD8F0FF0E1C
:1087D0001024066E076AFF0E0722000E096E0D0EAA
:1087E000086E75ECD8F006C516F507C517F5000E2E
:1087F000196E000E186E18C514F519C515F5182850
:1088000003E11928D8B40FD0D8901634D96E173494
:10881000DA6E0C50D9260D50DA22DEC418F5DDC40C
:1088200019F5164A172ABD0E1424F66EFB0E1520F4
:10883000F76EF86A000EF8220800F5C412F512501F
:108840000E24066E000E0F20076E18C508F519C518
:1088500009F54EECD8F018501910D8A402D01868B9
:108860001968144A152A155004E10D0E145CD8A09D
:10887000C6D7182803E11928D8B40CD0D8901634DC
:10888000D96E1734DA6E0C50D9260D50DA22DE502C
:10889000DE10D8B4108C0EC5D9F40FC5DAF410C5AB
:1088A000DFF41200D69C060101510A6E0B6A050E18
:1088B000D8900A360B36E82EFBD702510C6E0D6AA3
:1088C0000B0ED8900C360D36E82EFBD704C60EF5ED
:1088D0000F6A106A116A0FC511F50EC510F50F6AFF
:1088E0000E6A05C612F5136A146A156A150ED89039
:1088F0001236133614361536E82EF9D706C616F595
:10890000176A186A196A190ED8901636173618366B
:108910001936E82EF9D7000E16241A6E000E17200D
:108920001B6E000E18201C6E280E19201D6E125092
:108930001A101E6E13501B101F6E14501C10206E48
:1089400015501D10216E0E501E10226E0F501F105C
:10895000236E10502010246E11502110256E0C50E3
:108960002210266E0D502310276E000E2410286E44
:10897000000E2510296E0A5026102A6E0B50271063
:108980002B6E000E28102C6E000E29102D6E00C6C6
:108990002EF5D8902E322E502A100A6F2B500B6FC6
:1089A0002C500C6F2D500D6FD68C0AC606F50BC6D9
:1089B00007F50CC608F50DC609F51200BCC5D9F4BB
:1089C000BDC5DAF4DEC4C3F5DDC4C4F5BCC57EF5AF
:1089D000BDC57FF5000E0501806F000E816F000E92
:1089E000826F000E836FACECAAF00501C76FC75110
:1089F000D8A45DD0000EC66F000EC56FC3C52EF59E
:108A0000C4C52FF520EE16F0BC51D926BD51DA228F
:108A1000DEC430F5DEC431F5DEC432F5DEC433F534
:108A2000F7ECCCF00501C76FC751D8A440D020EEB9
:108A30001AF0BC51D926BD51DA22DEC4C0F5DDC41E
:108A4000C1F5C0C5D9F4C1C5DAF4E50EDE18D8B455
:108A500011D020EE1AF0BC51D926BD51DA22DEC465
:108A6000C0F5DDC4C1F5C0C5D9F4C1C5DAF4DF5025
:108A7000D8A40AD0C54BC62BBE51C51909E1BF51B8
:108A8000C619D8B414D004D0000EC66F000EC56F3E
:108A9000BCC5A2F5BDC5A3F5000EA56F010EA46F60
:108AA000F7ECA8F00501C76FC751D8B4A7D7040EDB
:108AB000C719D8A402D0070EC76FC75112006FD0D4
:108AC000D6ECB9F00009D8B404D0510E556E100E92
:108AD00011D0500E62D0580E556ED6ECB9F0000988
:108AE000D8A4F3D72BECD2F00009D8B463D0510E40
:108AF000556E400E506E5ED0500E556ED6ECB9F0ED
:108B00000009D8A4E2D764ECD3F00009D8A4EFD7C9
:108B100051D056AC20D056C5DBF60F0E0601DB1740
:108B2000DB51030D8D0EF324F66EFB0EF420F76E71
:108B3000F86A000EF82201D830D00500FA6E09005C
:108B4000F550FD6E0900F550FE6E0900F550FF6E00
:108B5000FA50010E120056AE2DD056C5DBF60F0EA0
:108B60000601DB17DB51030D8D0EF324F66EFB0EB1
:108B7000F420F76EF86A000EF82201D80ED0050036
:108B8000FA6E0900F550FD6E0900F550FE6E090001
:108B9000F550FF6EFA50000E1200556E0BD0565075
:108BA000010AD8B48DD7030AD8B495D7010AD8B42E
:108BB000A3D7AFD75550C0ECD8F0120000C8D9F6F3
:108BC000070E0601D96503D0050E476E1200000E90
:108BD000466E64D0020E0601CE6F080ECF6FD951DB
:108BE000D6ECB4F012000601D9512319D8B439D00B
:108BF000000ECE6F000ECF6FD951D6ECB4F0060147
:108C0000D951240D420EF324D96E120EF420DA6EDF
:108C1000DE04D8A40AD0D951240D5D0EF324D96EF8
:108C2000120EF420DA6EFF0EDF6E4750D8A4120049
:108C300018D002C8F7F503C8F8F5D951FAEC97F047
:108C4000120002C8FEF503C8FFF5D951E5ECBEF0ED
:108C5000120002C8E9F503C8EAF5D9518CECBFF05F
:108C60001200D951240D420EF324D96E120EF420B5
:108C7000DA6EDF50D76FD86BD851000AD8A4120033
:108C8000D751000AD8B4A0D7010AD8B4D2D7030A62
:108C9000D8B4D7D7010AD8A41200DBD708010151F4
:108CA000000AD8B497D7010AD8A412009CD714C5DB
:108CB000D9F415C5DAF4DEC41FF5DDC420F51FC5EF
:108CC000F6F420C5F7F4000EF86E360EF76403D004
:108CD0000800F55005D0F6C4E9F4F7C4EAF4EF5003
:108CE000186E1850216E226A1F4A202A21509AECD1
:108CF000D9F006500710D8B426D01FC5F6F420C509
:108D0000F7F4000EF86E360EF76403D00800F55045
:108D100005D0F6C4E9F4F7C4EAF4EF501E6E1F4A1A
:108D2000202A1E5095ECD9F006500710D8A405D083
:108D3000146815681668176812002150186E1E50C6
:108D4000216E18C522F521502210D8B412D021C5A9
:108D500006F522C507F5010E096EB50E086EC7ECC3
:108D6000D0F006C521F507C522F521502210D8B450
:108D7000DFD721C51AF522C51BF51C6A1D6A14C56B
:108D8000D9F415C5DAF41FC5DEF420C5DDF41AC523
:108D900014F51BC515F51CC516F51DC517F51200F4
:108DA0000601A06F0601A051240D5B0EF324A36FF2
:108DB000120EF420A46F2F0E05017E6F060E7F6F3A
:108DC000000E806F070E816F000E836F100E826F92
:108DD000A10E846F060E856F11EC90F006019F6F57
:108DE0009F51D8A406D0A25107E1100EA15DD8B0C2
:108DF00003D0050E476E12000701010599C6D9F48C
:108E00009AC6DAF4DF6E060120EE04F0A351D926EB
:108E1000A451DA2207010451100BDF6E060120EE87
:108E200005F0A351D926A451DA2207010451400BC1
:108E3000DF6E03510501FF6F070102510501FE6F4F
:108E4000A3C6D9F4A4C6DAF4FEC5DEF4FFC5DDF48A
:108E5000060120EE02F0A351D926A451DA22FF0E1A
:108E6000DF6E20EE03F0A351D926A451DA22FF0EC3
:108E7000DF6E9BC6F7F59CC6F8F59DC6F9F59EC654
:108E8000FAF5A0512BECACF0000E476E1200000E6C
:108E9000BE6E080EBF6E460EC06E000EC16E000E96
:108EA000C26EDF0EC66E3E0EC76E980EC86EC968E3
:108EB000030ECA6EC00E0401006F000E086F000E94
:108EC000106F000E186F030E206F1F0E016F070E3C
:108ED000096F960E116F1969000E216F000E0201C5
:108EE000896F000E886F000E876F000E866F000E70
:108EF0000401026F000E0A6F060E126F000E1A6F49
:108F0000000E226FDF0E036F0B69C60E136F1B6915
:108F1000070E236FC00E046F000E0C6F000E146F4F
:108F2000000E1C6F0B0E246F170E0201726F140ED1
:108F30006B6F200E176F320E166F130E6A6F310EA5
:108F4000146F000E0401056F000E066F000E076F10
:108F5000000E0D6F000E0E6F000E0F6F000E156FDE
:108F6000000E166F000E176F000E256F000E266F95
:108F7000000E276F12000601848F020E246F9C0ED4
:108F80000A6EFF0E0B6E0A500B10D8A4000E0C6E6A
:108F900014ECD9F0030E0601DB6F000E1BECB2F0EF
:108FA0000601DC6FDC51D8B404D0DB07DB29D8A480
:108FB000F4D7DC51D8A43CD0780E0A6EFF0E0B6EAD
:108FC0000A500B10D8A4000E0C6E14ECD9F0100E41
:108FD0000501BE6F0E0EBF6FE50EC06FFF0EC16FB5
:108FE000010EC26F06ECC9F00601DC6FDC51D8A49B
:108FF0001FD0010E246FC80E0A6EFF0E0B6E0A50B2
:109000000B10D8A4000E0C6E14ECD9F044ECD1F087
:109010000601DC6FDC51D8A40BD0AB0E0A6EFF0E3C
:109020000B6E0A500B10D8A4000E0C6E14ECD9F085
:10903000020E06012419D8A40ED08A0E0A6EFF0E65
:109040000B6E0A500B10D8A4000E0C6E14ECD9F065
:10905000020E0601816FDCC647F512000501F86FAC
:109060000501F805D8A468D006012551D8B40AD066
:10907000530E05018C6F060E8D6FB6ECD5F0000E09
:109080000601256F530E0501EB6F060EEC6F010E06
:10909000ED6F080EEE6F00C8EFF5FAEC8CF0476E3E
:1090A0004750D8B406D0000E3C6E000E3B6E510EF9
:1090B0001200010E0601256F000E3C6E040E3B6E81
:1090C000000E066E080E076E5D0E086E060E096E27
:1090D000000E0B6E040E0A6E94ECD5F053C612F51A
:1090E00054C613F559C614F55AC615F55BC616F5E0
:1090F0005CC617F5D1ECC9F012C5F9F513C5FAF540
:1091000014C5FBF515C5FCF5000E3B24066E080ED4
:109110003C20076EF90E086E050E096E000E0B6EF0
:10912000040E0A6E94ECD5F0040E3B26000E3C2291
:10913000000E466E000E416E580E120010D0000E4A
:1091400001D0010E060105D006012E45E846030BAD
:1091500004D0216F1DD006012E45010BFAD706C59C
:10916000D9F407C5DAF4DF50030B086E096A095019
:10917000000AD8A40DD00850000AD8B4E0D7010ADC
:10918000D8B4DFD7030AD8B4DFD7010AD8B4E3D7FD
:1091900006C5D9F407C5DAF4DFAE0ED006C5D9F49A
:1091A00007C5DAF47F0EDF1620EE01F00650D9264F
:1091B0000750DA22080EDF6E20EE01F00650D926A5
:1091C0000750DA22DF50D8B40AD020EE01F0065062
:1091D000D9260750DA22DF06010E0601211B20EEF8
:1091E00002F00650D9260750DA22DF50D8B407D053
:1091F000060121B102D0BF9C01D0BF8C1200060134
:1092000021B102D0BF9E01D0BF8E1200C0C5C4F5EF
:10921000C1C5C5F5C40E066E050E076ED1ECC0F0D3
:1092200006C5C8F507C5C9F50501C9AF02D00B0EC3
:109230001200D890C835D96EC935DA6E120ED9260B
:10924000060EDA22DEC4C6F5DDC4C7F5C651C71165
:10925000D8B410D0D890C835D96EC935DA6E120E90
:10926000D926060EDA22DE6ADD6AC6C5D9F4C7C57C
:10927000DAF4DF6ABE51BF11D8B41AD020EE01F083
:10928000BE51D926BF51DA22C8C5DFF4BEC5D9F414
:10929000BFC5DAF4DF6AD890C835D96EC935DA6E41
:1092A000120ED926060EDA22BEC5DEF4BFC5DDF4E5
:1092B000C251D8A402D0000E1200C00E906F050E4D
:1092C000916FBE0E926F050E936F000E946FF0ECCF
:1092D00084F00501C36FC351120006012651D8A4C2
:1092E00004D0050E476E510E1200AE0E0501CD6F73
:1092F000070ECE6F800ECF6F070ED06F9FECCBF0B6
:10930000476E4750D8A4EFD707019651D8A402D092
:10931000500E120056A812D0890E066E070E076E68
:10932000960E086E070E096E000E0B6E180E0A6E72
:1093300094ECD5F0000E3C6E210E20D08951D8B4AB
:109340000CD0960E066E070E076E0FECD8F0075085
:1093500012E10D0E065CD8B00ED0890E066E070E17
:10936000076E960E086E070E096E000E0B6E0D0E40
:109370000A6E94ECD5F0000E3C6E160E3B6E000E9D
:10938000066E080E076E800E086E070E096E3BC54E
:109390000AF53CC50BF594ECD5F0000E416E580E65
:1093A0001200020E145E000E155A165A175A20EEBD
:1093B00016F01250D9261350DA22FE0EDE24186E53
:1093C000FF0EDE20196EFF0EDE201A6EFF0EDE206D
:1093D0001B6E1850145C195015581A5016581B5013
:1093E0001758D8A009D0000E126E000E136E000E92
:1093F000146E000E156E120020EE2AF01250D926BF
:109400001350DA22DEC418F5DEC419F5DEC41AF5ED
:10941000DEC41BF520EE0AF01250D9261350DA22D2
:10942000DEC41CF5DDC41DF51CC506F51DC507F51C
:10943000086A096A14C50AF515C50BF516C50CF5B9
:1094400017C50DF5F2ECD3F018500624126E195022
:109450000720136E1A500820146E1B500920156E39
:109460001200090E116E07500810D8B440D007C57D
:10947000D9F408C5DAF4DE50DE10D8B438D007C508
:10948000D9F408C5DAF4DEC40BF5DDC40CF50BC560
:10949000D9F40CC5DAF4DF50D8B429D007C5D9F413
:1094A00008C5DAF410EE06F0DE50E126DD50E222C7
:1094B00020EE02F00750D9260850DA22E650DE18D6
:1094C00016E1E650DE18D8A412D007C5D9F408C5B5
:1094D000DAF410EE01F0DE50E126DD50E222E75032
:1094E0006BECD9F00B6E0BB002D0000E116E115068
:1094F000D8B405D0000E0F6E000E106E08D007C550
:10950000D9F408C5DAF4DEC40FF5DDC410F509C5D9
:10951000D9F40AC5DAF40FC5DEF410C5DDF4115034
:10952000120020EE03F00650D9260750DA22DF5051
:109530000A6E0A500F6E106A116A126A20EE02F06B
:109540000650D9260750DA22DF500A6E0A500FC59E
:109550000CF510C50DF511C50EF50B6A0B100F6E4D
:109560000C50106E0D50116E0E50126E20EE01F068
:109570000650D9260750DA22DF500A6E0A500FC56E
:109580000CF510C50DF511C50EF50B6A0B100F6E1D
:109590000C50106E0D50116E0E50126E06C5D9F49F
:1095A00007C5DAF4DF500A6E0A500FC50CF510C576
:1095B0000DF511C50EF50B6A0B100F6E0C50106EE9
:1095C0000D50116E0E50126E0FC506F510C507F541
:1095D00011C508F512C509F51200000E136E000E34
:1095E000126EBC0E106EFD0E116E095008100710A1
:1095F00009E1800E065CD8B005D006C512F507C596
:1096000013F540D009503EE10804D8B03BD0B50E68
:109610000A1838E10B04D8A435D0000E136E000EE2
:10962000126E02D0124A132A135023E1800E125CEC
:10963000D8B01FD012C50CF513C50DF5D8900C3657
:109640000D360C5010240E6E0D5011200F6E0EC5ED
:10965000F6F40FC5F7F4000EF86E0900F550061881
:1096600006E10900F550071802E108500910D8A4D6
:10967000D9D7800E12240C6E000E13200D6E0C50E4
:10968000126E136A12C506F513C507F51200550EC2
:109690000401596FAA0E596F5991000E5F6F100E99
:1096A0005E6F080E5D6F550E596FAA0E596F598186
:1096B0000001419FC69AC78AC788C896C888C89AB9
:1096C000BE8AC890C0900F0EC612C790BF90C688C1
:1096D000C782A48003016881D692C784A8806C9158
:1096E000D694C79EC79CBF9EBF9C6597020E000183
:1096F000846F400E856F000E866F020E896F000E1C
:109700008C6F848FD68A1F0E5D6E5E68000E576E5A
:10971000000E0601246F000E256F000E266F000E4E
:10972000066E0650C40D240EF324D96E0B0EF420E1
:10973000DA6EDF6A062A030E0664F3D71200CDC57F
:1097400007F5CEC508F5D10E096E050E0A6E31EC8F
:10975000CAF00501D36FD351D8A446D0CF51D01150
:10976000D8A410D0CDC57EF5CEC57FF5000E806F94
:10977000000E816F000E826F000E836FACECAAF0BA
:10978000050131D0CDC5BCF5CEC5BDF5000EBF6F0E
:10979000000EBE6FECECAEF00501D36F040ED319D2
:1097A000D8A402D0000ED36FD351D8A41DD0CDC5FC
:1097B0001EF5CEC51FF5CFC520F5D0C521F525EC8A
:1097C0009FF0CDC5A2F5CEC5A3F5000E0501A56F8E
:1097D000000EA46FF7ECA8F00501D36F040ED319A7
:1097E000D8A402D0000ED36FD3511200010E0D6E1B
:1097F0007AECD9F0D00E04ECD9F00009D8A41BD033
:10980000000E04ECD9F00009D8A415D09BECD8F0D8
:10981000D10E04ECD9F00009D8A40DD0770E086E53
:10982000060E096E0A0E0A6E97ECD2F00009D8A453
:1098300002D0000E0D6EF3ECD8F00D50D8A412003B
:10984000D69C000E0D6E000E0D24D96EDA6A060E3F
:10985000DA22770E0D24E16EE26A060EE222E7506C
:1098600088ECD8F0DF6E0D2A060E0D64ECD7090ED9
:109870000D6401D010D0770E0D24D96EDA6A060E71
:10988000DA22000E0D24E16EE26A060EE222DFC447
:10989000E7F40D2AECD7D68C120006C50EF507C5E5
:1098A0000FF508C510F509C511F507D00A06D8A0AF
:1098B0000B060E4A0F2A104A112A0A500B10D8B470
:1098C0001AD00EC5D9F40FC5DAF4DF500C6E10C5EE
:1098D000F6F411C5F7F4000EF86E360EF76403D0F7
:1098E0000800F55005D0F6C4E9F4F7C4EAF4EF50E7
:1098F0000C18D8B4DBD70A500B10D8A405D0000E32
:10990000076E000E066E12000EC5D9F40FC5DAF40C
:10991000DF500C6E10C5F6F411C5F7F4000EF86EAA
:10992000360EF76403D00800F55005D0F6C4E9F40C
:10993000F7C4EAF4EF500D6E0D500C5C066E076A2A
:10994000D8A007061200D1ECD8F0FF0AD8B402D094
:10995000000E12000A5031ECD9F0FD0E0A18D8B4EE
:1099600044D00601818F020E196F000E186F08C5D2
:1099700016F609C517F6000E3E6E000E3D6E16C6B1
:10998000D9F417C6DAF4DF503FECD5F00601164BD8
:10999000172B1807D8A0190718511911D8A4EFD7F9
:1099A000020E196F000E186F08C5D9F409C5DAF454
:1099B000DF5031ECD9F0084A092A06011807D8A06F
:1099C000190718511911D8A4EFD73E5031ECD9F02E
:1099D0003D5031ECD9F0FF0E31ECD9F00601296F82
:1099E00029511F0B050AD8A4B3D7010E1200000E8F
:1099F000346E20EE2EF02E50D9262F50DA22305021
:109A0000DE180AE13150DE1807E13250DE1804E1B9
:109A10003350DE18D8B43CD02EC51BF52FC51CF52D
:109A200079ECBDF0346E3450D8A432D0320E2E24EE
:109A3000126E000E2F20136E30C514F531C515F5CA
:109A400032C516F533C517F5000E196E010E186EE6
:109A500020EE01F02E50D9262F50DA22DF5087EC6D
:109A6000CEF00009D8B406D0306831683268336867
:109A7000010E346E20EE2EF02E50D9262F50DA2211
:109A800030C5DEF431C5DEF432C5DEF433C5DEF4B4
:109A900034501200010E05018E6F000E8F6F000E04
:109AA000906F9051C40D000EF324916F0B0EF420B3
:109AB000926F20EE3CF09151D9269251DA22DF507C
:109AC000D8B42AD0010E8F6F20EE3DF09151D926E7
:109AD0009251DA22DE50DE10D8B41ED020EE3DF0D6
:109AE0009151D9269251DA22DE06000EDD5A20EE7F
:109AF0003DF09151D9269251DA22DE50DE10D8A4E1
:109B000009D0D69E91C581F592C582F508ECBCF0CE
:109B1000D68E02D0000E8E6F0501902B030E90653D
:109B2000C0D78F51D8B412008E51D8B41200000E95
:109B30000601816F120081ECD9F047ECCBF023ECE9
:109B4000D9F0000E3F6EA4ECD9F09AECD4F097EC6B
:109B5000D6F007ECD1F0A7ECD9F0000E546E400E11
:109B6000C0ECD8F0D68ED68CBF9057A003D0F6ECC0
:109B7000CBF0579057A228D05792810E066E060E52
:109B8000076E9EECC8F03F5006018413000E3F6E36
:109B9000840E066E060E076E9EECC8F04AECCDF001
:109BA0008FECD9F00009D8B405D006012451D8B4FF
:109BB000BBECC7F08FECD9F00009D8A405D00601A2
:109BC0002451D8A43CECD6F057A4CFD757945FECDF
:109BD000C5F0CBD71A6E1A50D8A404D018041910A7
:109BE000D8B402D0040E12005FA002D0030E1200FF
:109BF0005FA402D0020E120059B608D0090ED89008
:109C00001436153616361736E82EF9D7200E06010B
:109C10002D6F14C50DF515C50EF516C50FF517C535
:109C200010F5580ED8ECD5F00009D8A40FD012C505
:109C300008F513C509F5FE0E0A6EA3ECCCF0000979
:109C4000D8B404D0000E196E000E186E9FECD9F037
:109C500018501910D8B405D006012D072D29D8A405
:109C6000D8D718501910D8B402D0010E1200000E27
:109C700012000501E96F0501E951D8A425D00601BC
:109C80002551D8B41DD0000E3C6E040E3B6E63C649
:109C9000EAF564C6EBF565C6ECF566C6EDF5000EB3
:109CA000066E080E076EEA0E086E050E096E000EAF
:109CB0000B6E040E0A6E94ECD5F0000E416E25D0AA
:109CC000040E476E510E1200EA0E066E050E076E68
:109CD000000E086E080E096E000E0B6E040E0A6E62
:109CE00094ECD5F0530E0501A26F060EA36FEAC5E2
:109CF000A4F5EBC5A5F5ECC5A6F5EDC5A7F500ECFB
:109D000080F0476E4750D8A4DDD7580E12001A6E67
:109D10001A50D8A404D018041910D8B402D0040ED4
:109D200012005FA002D0030E120059B608D0090E2F
:109D3000D8901436153616361736E82EF9D7200E79
:109D400006012D6F14C50DF515C50EF516C50FF5D9
:109D500017C510F5510ED8ECD5F00009D8A411D0D4
:109D600012C507F513C508F5020E0A6E000E096E3E
:109D7000FFECCFF00009D8B404D0000E196E000E2D
:109D8000186E9FECD9F018501910D8B405D0060100
:109D90002D072D29D8A4D6D718501910D8B402D021
:109DA000010E1200000E12000C6EBE8ABE9AD1EC9B
:109DB000D8F0FF0AD8B402D0FF0E1200000E5C6E7D
:109DC0000C5031ECD9F00C502EECD5F00BC558F5F9
:109DD000585031ECD9F058502EECD5F00AC558F552
:109DE000585031ECD9F058502EECD5F009C558F543
:109DF000585031ECD9F058502EECD5F008C558F534
:109E0000585031ECD9F058502EECD5F0D8905C3643
:109E10005C805C5031ECD9F04C0E0C18D8A403D007
:109E2000FF0E31ECD9F00A0E586EFF0E31ECD9F06E
:109E30000601286F28AF02D0582EF7D728511200FC
:109E4000186E1804D8B432D044D0190E066E050E20
:109E5000076E000E086E080E096E000E0B6E040EE3
:109E60000A6E94ECD5F019C512F51AC513F51BC589
:109E700014F51CC515F50BECD5F00009D8B402D0CB
:109E8000510E12005E6842684368C168010E416E5F
:109E900020D0000E416EE3ECD7F00009D8A4F0D733
:109EA00018D0000E3C6E010E3B6E13D03BC516F56C
:109EB0003CC517F51750000AD8A4E2D71650010A7E
:109EC000D8B4E7D7030AD8B4ECD7060AD8B4BDD7BC
:109ED000D7D7580E12000501E96F0501E951D8A442
:109EE00042D04D50C40D000EF324EC6F0B0EF42045
:109EF000ED6F20EE3CF0EC51D926ED51DA22DF5027
:109F0000D8A402D0510E1200ECC5A2F5EDC5A3F500
:109F1000000EA46F000EA56F000EA66F000EA76FB7
:109F200000EC80F0476E4750D8A41DD0ECC57EF5FC
:109F3000EDC57FF5000E0501806F080E816F010EE3
:109F4000836F000E826FEA0E846F050E856F11EC31
:109F500090F0476E4750D8A4D5D7EAC53BF5EBC57E
:109F60003CF5000E416E580E120014C506F515C5DD
:109F700007F516C508F517C509F5010E0B6EB50EE8
:109F80000A6EEDECCAF006C51CF507C51DF51D04EB
:109F9000D8A020D01B5009E1020E1A5CD8B005D021
:109FA000000E156E000E146E12001D5018C5D9F467
:109FB00019C5DAF4DF6E184A192A18C5D9F419C57B
:109FC000DAF41CC5DFF4184A192A000E156E020EC9
:109FD000146E12001C501D10D8B4E2D71A501B107A
:109FE000D8B4DED718C5D9F419C5DAF41CC5DFF426
:109FF000184A192A000E156E010E146E1200060181
:10A00000848F280E5B6EFF0E31ECD9F006012C6FA9
:10A010002C29D8A403D05B50D8A4F5D7FE0E2C1958
:10A02000D8B402D0000E1200000E3E6E000E3D6E3F
:10A03000FF0E31ECD9F007C5D9F408C5DAF4DF6EAC
:10A0400007C5D9F408C5DAF4DF503FECD5F0074A6C
:10A05000082A0906D8A00A0609500A10D8A4E8D789
:10A06000FF0E31ECD9F006012B6FFF0E31ECD9F069
:10A0700006012A6F3E502B19D8A4D4D73D502A1977
:10A08000D8A4D0D7010E1200560EF66EB30EF76E9E
:10A09000010EF86E0900F5C45FF502EE00F312EE52
:10A0A00062F0EE6AE550E150FCE1E250FAE102EEC6
:10A0B00000F210EE00F1EE6AE550E150FCE1E250F2
:10A0C000FAE102EE00F1B00EEE6AE806FDE102EE02
:10A0D00000F010EE00F1EE6AE550E150FCE1E250D4
:10A0E000FAE101EE00F3DA0EEE6AE806FDE101EEB8
:10A0F00000F2870EEE6AE806FDE101EE35F1280E6A
:10A10000EE6AE806FDE100019BEFCDF0000E0E6E59
:10A11000000E0F6E000E106E000E116E0A500B1026
:10A120000C100D10D8B42AD0010E126E06D0D890A3
:10A130000A360B360C360D36122A0DAEF8D7D890EB
:10A140000E360F36103611360A50065C0B50075883
:10A150000C5008580D500958D8A009D00A50065E76
:10A160000B50075A0C50085A0D50095A0E80D890BF
:10A170000D320C320B320A32122EE1D70EC506F523
:10A180000FC507F510C508F511C509F51200000E39
:10A19000136E000E126EBC0E106EFD0E116E075087
:10A1A00009E1800E065CD8B005D006C512F507C5DA
:10A1B00013F528D0B50E081825E10904D8A422D03B
:10A1C0000704D8B01FD006C50AF507C50BF5D8900F
:10A1D0000A360B360A5010240C6E0B5011200D6EEF
:10A1E000000E0C240E6EFF0E0D200F6E0EC5F6F441
:10A1F0000FC5F7F4000EF86E0900F5C412F50A0059
:10A20000F5C413F512C506F513C507F51200C89C71
:10A21000C88ECA90CA82030166936691000E02013D
:10A22000A16F000EA26F000EA36F000EA46F000EB0
:10A23000A56F000EA66F000EA76F000EA86F000E90
:10A24000A96F000EAA6FB00EAB6F800EAC6F080E38
:10A25000AD6F8A0EAE6F000EAF6F2E0EB06F000E98
:10A26000B16F800EB26F000EB36FA280000E0601B8
:10A27000206F000E1F6F000E1E6F000E1D6F000E70
:10A280001C6F000E1B6F1200000E4B6E000E0501BE
:10A29000FF6F030EFF6501D02AD0000EF86FFF514B
:10A2A00092ECA3F00009D8A41FD0010E526E050154
:10A2B000FF51C40D3F0EF324D96E0B0EF420DA6E5D
:10A2C000DF50D8B411D0FFC5FCF5800EFD6F000E35
:10A2D000FE6FFC2B03D0FE35FE33FD33FC2FFBD786
:10A2E0000501FD5102094B6E0501FF2BD2D76FEC22
:10A2F000D7F05250D8A402D0010E1200000E120066
:10A300001A0E0F24066E000E1020076ECFECD6F04A
:10A3100006C515F507C516F5176A186A0DC5D9F4EF
:10A320000EC5DAF4030EDE18D8A41CD0140E0F24C8
:10A33000066E000E1020076ECFECD6F00650116EA0
:10A340000750126E136A146A12C514F511C513F57D
:10A35000126A116A11501512125016121350171268
:10A360001450181215C50DF516C50EF517C50FF5C5
:10A3700018C510F51200066E080E0601226F06C5FC
:10A380000EF60F6BC094D0B407D062ECD9F0000980
:10A39000D8B424D0FF0E12000EAF0BD0C894C882E0
:10A3A0000D0EE82EFED70000C8840D0EE82EFED755
:10A3B0000BD0C894C092C8920D0EE82EFED70000B4
:10A3C000C8840D0EE82EFED700000601D8900E3787
:10A3D0000F37FF0E0E17000E0F172207060122512E
:10A3E000D8A4D1D7000E1200000E0C6E770E0C24EC
:10A3F000D96EDA6A060EDA220C500A24E16E000EDB
:10A400000B20E26EE750E2ECD8F0DF6E0C2A060E6D
:10A410000C64ECD7100E06017E6F150E7F6F040ED4
:10A42000806F7AECD9F0D00E04ECD9F00009D8A4F2
:10A430000FD0000E04ECD9F00009D8A409D0770E93
:10A44000076E060E086E0A0E096E23ECD7F000099F
:10A45000F3ECD8F012004D50C40D000EF3240501AA
:10A46000AE6F0B0EF420AF6FAEC57EF5AFC57FF5B6
:10A47000420E806F100E816F35C582F536C583F5AB
:10A48000AB0E846F050E856F11EC90F00501AD6F7A
:10A49000AD51D8A414D020EE3DF0AE51D926AF5125
:10A4A000DA22DE50DE10D8B40AD020EE3DF0AE51F4
:10A4B000D926AF51DA22580EDE6E020EDD6EAD5196
:10A4C000120006C5D9F407C5DAF408C5DFF4064A58
:10A4D000072A09C508F50AC509F50BC50AF50B6A6F
:10A4E00006C5D9F407C5DAF408C5DFF4064A072A19
:10A4F00009C508F50AC509F50BC50AF50B6A06C5B5
:10A50000D9F407C5DAF408C5DFF4064A072A09C5F5
:10A5100008F50AC509F50BC50AF50B6A06C5D9F495
:10A5200007C5DAF408C5DFF4064A072A12002ED060
:10A530001DECD4F006C50BF507C50CF5FF0E0C1489
:10A54000D8B402D0FF0E120008C5D9F409C5DAF458
:10A550000BC5DFF4084A092A0A50D8A40BD0C894C6
:10A56000C8820D0EE82EFED70000C8840D0EE82E1E
:10A57000FED70BD0C894C092C8920D0EE82EFED71D
:10A580000000C8840D0EE82EFED700000A060A2837
:10A59000D8A4CED7000E12000501CD6F0501CD5114
:10A5A000D8A40DD006012551D8B405D0010E3C6EBB
:10A5B000000E3B6E23D0040E476E510E1200530E58
:10A5C000A26F060EA36F000EA46F080EA56F3BC509
:10A5D000A6F53CC5A7F5CE0EA86F050EA96F76ECC3
:10A5E00089F0476E4750D8A4E8D73B500501CE5DAF
:10A5F0003C50CF59D8B002D0140EDED7580E1200FE
:10A600000501FC6F0501FC05D8A42BD03C5004E1EA
:10A61000030E3B5CD8A005D000C8FDF5030EFD6518
:10A6200004D0130E476E510E1200FD51C4ECD3F04E
:10A630000501FD51C40D240EF324066E0B0EF4200B
:10A64000076E020E086E080E096EC1ECD4F001C848
:10A65000F8F50801005192ECA3F0476E4750D8A4DA
:10A66000E2D7580E1200000E3C6E060E3B6E030E33
:10A670000801006F380E016F060EF66E000EF76EC1
:10A68000000EF86E0800F5C402F8070EF66E000E14
:10A69000F76E000EF86E0800F5C403F8FE0EF66EB5
:10A6A000FF0EF76E010EF86E0800F5C404F8FF0EF9
:10A6B000F66EFF0EF76E010EF86E0800F5C405F891
:10A6C000000E416E580E12004D50C40D000EF324C2
:10A6D0000501CF6F0B0EF420D06FCFC5A2F5D0C50A
:10A6E000A3F5420EA46F100EA56F35C5A6F536C5AD
:10A6F000A7F5CD0EA86F050EA96F76EC89F00501C0
:10A70000D16FD151D8A40DD020EE3DF0CF51D92634
:10A71000D051DA22580EDE6E020EDD6E010E0601F9
:10A72000816F0501D151120006012551D8B427D0FF
:10A73000530E05017E6F060E7F6F000E806F080EB0
:10A74000816F3BC582F53CC583F5A90E846F050E6C
:10A75000856F11EC90F0476E4750D8B402D0510E7F
:10A760001200A9C53BF5AAC53CF50501A951AA11DE
:10A77000D8A402D0500E1200000E416E03D0040E79
:10A78000476EEDD7580E12000501916F05019151EA
:10A79000C40D3C0EF324D96E0B0EF420DA6EDF509C
:10A7A000D8B41DD09151C40D000EF3248C6F0B0E44
:10A7B000F4208D6FB6ECD5F005019151C40D3C0E1F
:10A7C000F324D96E0B0EF420DA6EDF6A9151C40DBA
:10A7D000240EF324D96E0B0EF420DA6EDF6A6FECD0
:10A7E000D7F01200000E0E6E000E0F6E000E106EEF
:10A7F000000E116E06A008D00A500E260B500F2234
:10A800000C5010220D501122D8900A360B360C36FF
:10A810000D36D8900932083207320632065007103A
:10A8200008100910D8A4E6D70EC506F50FC507F520
:10A8300010C508F511C509F51200080E0601226FB2
:10A84000C094C894C8820D0EE82EFED70000C884BC
:10A8500000D000D0D0B40AD062ECD9F00009D8B44E
:10A8600005D0FF0E076EFE0E066E12000601D89090
:10A870000E370F37FE0E0E17000E0F17D0B20E81D7
:10A88000222FDFD70EC606F50FC607F512005B5064
:10A89000D8A45B065A50D8A45A0606012E2B14C61B
:10A8A00003F515C604F5CFC401F5300E01160150AD
:10A8B000146F156B1451031813E115510418D8A423
:10A8C00012005FC502F503AA02D0028401D00294EF
:10A8D00003A803D0030E021201D0029202C55FF555
:10A8E0001200000E0B6E000E0A6E08500910D8B44C
:10A8F0001CD0010E0C6E04D0D890083609360C2AF4
:10A9000009AEFAD7D8900A360B360850065C0950C3
:10A910000758D8A005D00850065E0950075A0A808B
:10A92000D890093208320C2EEDD70AC506F50BC5B2
:10A9300007F51200100E086E070E87ECD7F0F6EC44
:10A94000CBF0150E06010819D8A404D0040E09197D
:10A95000D8B41200000E776F000E786F000E796F7A
:10A96000010E7A6F010E7B6F040E7C6F0C0E7D6FF3
:10A97000770E0A6E060E0B6EF4ECD1F0F6ECCBF00F
:10A98000120006C50CF507C50DF508500A6E0950F2
:10A990000B6E084A092A0AC5F6F40BC5F7F4000E37
:10A9A000F86E0CC5D9F40DC5DAF40C4A0D2A360E32
:10A9B000F76403D00800F55005D0F6C4E9F4F7C4F5
:10A9C000EAF4EF50DF6EDF50D8B41200DED7096E24
:10A9D0000950D8A405D0000E3C6E020E3B6E19D073
:10A9E000150E08010019D8A414D0040E0119D8A41A
:10A9F00010D0030E076EFE0E066EFF0E086EB3EC4F
:10AA0000D6F0030E076E0668FF0E086EB3ECD6F0A4
:10AA1000FF00580E120059B608D0090ED890123611
:10AA2000133614361536E82EF9D712C50DF513C5B1
:10AA30000EF514C50FF515C510F5520ED8ECD5F06E
:10AA40000009D8B408D0000E3C6E010E3B6E9FEC9E
:10AA5000D9F0010E1200BE8A000E1200006E080E20
:10AA6000406ED8905C3600AE02D0090E5C1A5CAE27
:10AA700002D0090E5C1A0046402EF3D712003E1891
:10AA8000406EF00B403A401A4050F00B3D183E6EBD
:10AA900040443E1AE00B3E1A403A40183D6E120008
:10AAA0000501DE6F0501DE05D8A41AD0AE0ED76F02
:10AAB000070ED86F000ED96F080EDA6F09ECC2F0DE
:10AAC000476E4750D8B409D0000E3C6E000E3B6E66
:10AAD000000E0601266F510E1200010E0601266FB0
:10AAE000580E120006C5F6F407C5F7F4000EF86E0E
:10AAF0000800F5500818D8A405D006C506F507C506
:10AB000007F5120006C5F6F407C5F7F4064A072A4A
:10AB1000000EF86E0800F5500009D8A4E3D7000E27
:10AB2000066E000E076E120008C50EF509C50FF57A
:10AB300006C50CF507C50DF510D00EC5D9F40FC527
:10AB4000DAF4DF50106E0E4A0F2A0CC5D9F40DC589
:10AB5000DAF410C5DFF40C4A0D2A0A06D8A00B0659
:10AB60000A28EBE10B28D8B41200E7D78CC581F591
:10AB70008DC582F508ECBCF00501906F9051D8A40A
:10AB800015D08CC507F58DC508F58E0E096E050E1E
:10AB90000A6E31ECCAF00501906F9051D8A406D02E
:10ABA0008CC5D9F48DC5DAF4DE6ADD6A90511200E5
:10ABB000116E11AE13D0119E000E086E000E096EBC
:10ABC000000E0A6E000E0B6E770ED4ECCEF006016E
:10ABD000276F010E276502D0275112000DC508F519
:10ABE0000EC509F50FC50AF510C50BF51150D4ECCB
:10ABF000CEF012000D6E0D50D8A405D0000E3C6EA4
:10AC0000060E3B6E16D000C877F601C878F602C86B
:10AC100079F603C87DF604C87BF605C87CF6010EFC
:10AC200006017A6F770E0A6E060E0B6EF4ECD1F009
:10AC30005780580E12001A0E0C24066E000E0D20BE
:10AC4000076E0EC508F50FC509F54EECD8F00AC51C
:10AC5000D9F40BC5DAF4030EDE18D8A41200140ED2
:10AC60000C24066E000E0D20076E10C508F511C5E8
:10AC700009F54EECD8F01200BA0E0A6EFF0E0B6EFC
:10AC80000A500B10D8A4000E0C6E14ECD9F04DEC49
:10AC9000D9F0000E0501BE6F000EBF6FE50EC06F4C
:10ACA000FF0EC16F000EC26F06ECC9F0000E060168
:10ACB000246F000E816F1200000E0B6E000E0A6EE4
:10ACC0000B0E096E06C5D9F407C5DAF4DF50086E1D
:10ACD0000B50800DD8900B30F32408240B6E064ADD
:10ACE000072A0906D8A00A0609500A10D8A4EAD7EC
:10ACF0000B50120010D007C5F6F408C5F7F409C5CB
:10AD0000F8F40800F5503DECD7F0010E0726000ED0
:10AD10000822000E092207C5F6F408C5F7F409C594
:10AD2000F8F40800F5500009D8B41200E4D7000E7A
:10AD30000E6E0E50C40D000EF324066E0B0EF420A2
:10AD4000076E000E096E000E086E000E0B6EC40E2C
:10AD50000A6EF9ECD7F00E2A030E0E64EAD7400E05
:10AD6000C0ECD8F01200380E0001456F0750446F58
:10AD700006C543F008C546F04151F80B0309416F81
:10AD8000D69E0001550E0001426FAA0E426F40810F
:10AD9000D68EF80E0001411740A11200FDD720EE1B
:10ADA00001F00650D9260750DA22DF50086E08500D
:10ADB0000B6E0C6A06C5D9F407C5DAF4DF50086ECD
:10ADC0000B50096E08500B6E09C50CF50BC506F546
:10ADD0000CC507F51200D8C405F5A1B6B1A604D07C
:10ADE000B19647ECD4F05782A8B0B8A003D0B89081
:10ADF00039ECD8F0A2B2B2A202D056ECD7F0A2B091
:10AE0000B2A002D007ECD7F005C5D8F411000201BA
:10AE1000B251B2B715D0800E06011D6111D0000EDF
:10AE20001C25D96EDA6A0A0EDA22A1C2DFF41C2BC5
:10AE3000800E1C19D8A402D0000E1C6F1D2B12000E
:10AE4000A1C21AF6120014D007C5D9F408C5DAF465
:10AE5000074A082ADF50BBECD1F00009D8B402D071
:10AE6000FF0E1200AEECD8F00009D8A4F9D70906FD
:10AE70000950D8A4E9D7000E1200066E800E060114
:10AE80002061FCD7D69C000E1F25D96EDA6A090E08
:10AE9000DA2206C5DFF41F2B800E1F19D8A402D0BA
:10AEA000000E1F6F202BA282D68C120006012051AB
:10AEB000D8A402D0A2921200000E1E25D96EDA6A22
:10AEC000090EDA22DF500201A36F06011E2B800E4D
:10AED0001E19D8A402D0000E1E6F20071200000E0B
:10AEE000066E000E076E0750C40D3C0EF324D96E9B
:10AEF0000B0EF420DA6EDF50D8B402D0010E066ECD
:10AF0000072A030E0764EFD706C552F51200096E33
:10AF10007AECD9F0D00E04ECD9F00009D8A41200D4
:10AF2000095004ECD9F00009D8A41200085004EC30
:10AF3000D9F00009D8A41200F3ECD8F01200010EE9
:10AF40000301266F000E256F000E276F2369000E88
:10AF5000226F000E066E000E076E000E086E88EC63
:10AF6000D9F0B196A186CF0E0301246F120006011D
:10AF70002551D8B410D0530E05018C6F060E8D6F7D
:10AF8000B6ECD5F0476E4750D8B402D0510E12003F
:10AF9000000E0601256F500E1200000E3C6E060ECC
:10AFA0003B6ED69C00C600F801C601F802C602F846
:10AFB00006C603F804C604F805C605F8D68C000ECC
:10AFC000416E580E1200000E126E000E0D6E000E35
:10AFD0000E6E000E0F6E000E106E4C0ED8ECD5F0FB
:10AFE0000009D8B402D0010E126E9FECD9F01250B5
:10AFF000120006C50CF507C50DF508D00CC5D9F42F
:10B000000DC5DAF408C5DFF40C4A0D2A0A06D8A0EB
:10B010000B060A28F3E10B28D8B41200EFD706C5B7
:10B0200008F507C509F502D0064A072A06C5D9F46E
:10B0300007C5DAF4DF50D8A4F7D70850065C066ECF
:10B0400009500758076E1200076E080E086E000EB2
:10B05000096ED89007340934096ED8900736065027
:10B06000095CD8A002D00650095E082EF2D709501C
:10B0700012000601002B3B0E00651200000E006F4F
:10B08000012B3B0E01651200000E016F022B170E03
:10B0900002651200000E026F5780120006C5D9F437
:10B0A00007C5DAF408C5DFF4064A072A0950086E16
:10B0B000096A06C5D9F407C5DAF408C5DFF4064AFB
:10B0C000072A120006C5D9F407C5DAF4230EDF6E8D
:10B0D00008C5D9F409C5DAF4010EDF6E0AC5D9F442
:10B0E0000BC5DAF4010EDF6E120006500802F3C43D
:10B0F0000AF5F4C40BF506500902F3500B2607506D
:10B100000802F3500B260AC506F50BC507F5120019
:10B11000086E000E076E08380F0B0F0B066E03D07B
:10B120000A0E072606060650D8A4FAD708500F0BB9
:10B13000072607501200C094C894C8820D0EE82E4E
:10B14000FED70000C8840D0EE82EFED70000C09286
:10B15000C8920D0EE82EFED700001200C094C894CD
:10B16000C8820D0EE82EFED70000C884420EE82EDD
:10B17000FED700D0D0A202D0FF0E1200000E1200A7
:10B18000066E030E0001866F010E826F06C581F008
:10B1900006C553F5B1A0FED7C08080C040F5C09071
:10B1A0001200640E5A6EFF0E31ECD9F0FF0E31EC36
:10B1B000D9F0076E0728D8B403D05A50D8A4F6D7D0
:10B1C00007501200076E000E066E03D00A0E075ECF
:10B1D000062A0A0E0760FAD7063AF00E061607503E
:10B1E000061206501200C094C894C092C8920D0E68
:10B1F000E82EFED70000C8840D0EE82EFED7000012
:10B20000C882000000001200076E0750BBECD1F0AE
:10B210000009D8B402D0FF0E1200AEECD8F000093D
:10B22000D8A4F9D7000E12000AC507F50BC508F51A
:10B230000CC509F57AECD6F00D0E3DECD7F00A0EF0
:10B240003DECD7F01200010E0601836F000E826FF5
:10B25000000E816F000E866F000E856F000E846FEA
:10B260001200066E030E0001866F010E826F06C586
:10B2700081F0B1A0FED70000000180511200600EE5
:10B280000001AD6F000EAF6F000EB36F080EB16F0F
:10B29000000EB06F000EAC6F1200000E0501926F31
:10B2A0009251C4ECD3F00501922B030E9265F8D7AE
:10B2B00012000601DA6F0601DA05D8B4DEECC5F03B
:10B2C000580E1200280EE82EFED7D0B402D0FE0E83
:10B2D0001200000E1200066E0650D8B402D0010E05
:10B2E00012005F501200BE9AD1ECD8F09FECD9F05A
:10B2F0005F801200C092C8920D0EE82EFED70000AB
:10B3000012003FECD9F047ECC7F09FECD7F01200E9
:10B3100006C5DDF607C5DEF608C5DFF612005FB22A
:10B3200002D0010E1200000E1200000E076E000E79
:10B33000066E1200000E076E000E066E1200BE8A28
:10B34000FF0E31ECD9F01200C882C884120003014C
:07B35000248F12001200011E
:02FFFE00EE8390
:020000040030CA
:10000000AAEFF7FF9FFFFFFFFFFFFFFFFFFFFFFFCD
:10001000FFFFFFFFFFFFFFFFFFFFFFFFFFFFFFFFF0
:03002000FFFFFFE0
:020000040038C2
:10000000FEFEFF180218193A4038E680C01116505B
:100010000609CD1F50C0E946524548442E524F4D67
:1000200021000039E5DDE1EB3E03D3C4CDA45078D7
:100030003C3CD3C30EC23E01ED79EDB3AFED79CDBB
:10004000A450C00EFFCD7F503D200CCD7050CD7F11
:1000500050772310F918EE3D280BCD7F5047CD7F08
:100060005010FB18E0CD70503E06D3C4CDA450AF65
:10007000C9CD7F5047CD7F506F05CD7F506705C9F3
:100080000C2003CD8850DBC2C9AFD3C33E04D3C418
:10009000CDA4502005DBCFE608C03E06D3C4CDA4D6
:1000A00050DDF93CC9DBCF0738FBDBCFE601C9FFE8
:1000B000FFFFFFFFFFFFFFFFFFFFFFFFFFFFFFFF50
:1000C000FFFFFFFFFFFFFFFFFFFFFFFFFFFFFFFF40
:1000D000FFFFFFFFFFFFFFFFFFFFFFFFFFFFFFFF30
:1000E000FFFFFFFFFFFFFFFFFFFFFFFFFFFFFFFF20
:1000F000FFFFFFFFFFFFFFFFFFFFFFFFFFFFFFFF10
:0203FE00EE838C
:00000001FF
